,Gender,Country,self_employed,family_history,work_interfere,no_employees,remote_work,tech_company,benefit,care_options,wellness_program,seek_help,anonymity,leave,mental_health_consequence,phys_health_consequence,coworkers,supervisor,mental_health_interview,phys_health_interview,mental_vs_physical,obs_consequence,Age,treatment_nd
0,0,45,1,0,1,4,0,1,2,1,1,2,2,2,1,1,1,2,1,0,2,0,0.03171252798287615,1
1,1,45,1,0,2,5,0,0,0,0,0,0,0,0,0,1,0,0,1,1,0,0,0.037712195439095965,0
2,1,7,1,0,2,4,0,1,1,0,1,1,0,1,1,1,2,2,2,2,1,0,0.02742705122843343,0
3,1,44,1,1,1,2,0,1,1,2,1,1,1,1,2,2,1,0,0,0,1,1,0.026569955877544883,1
4,1,45,1,0,0,1,1,1,2,0,0,0,0,0,1,1,1,2,2,2,0,0,0.026569955877544883,0
5,1,45,1,1,3,4,0,1,2,1,1,0,0,0,1,1,2,2,1,0,0,0,0.028284146579321975,0
6,0,45,1,1,3,0,1,1,1,0,1,1,1,1,0,0,1,0,1,1,0,0,0.029998337281099064,1
7,1,7,1,0,0,0,1,1,1,2,1,1,2,0,1,1,0,0,1,1,1,0,0.033426718684653245,0
8,0,45,1,1,3,1,0,1,2,2,1,1,1,3,0,1,2,2,1,0,1,0,0.03599800473731887,1
9,1,7,1,0,0,2,0,1,0,0,0,0,0,0,1,1,2,2,0,0,2,0,0.01971319307043653,0
10,1,45,1,0,3,4,1,1,0,0,1,1,0,0,1,1,1,2,1,1,0,0,0.026569955877544883,1
11,1,6,1,0,0,1,1,1,0,1,1,1,0,0,1,1,2,2,2,2,0,0,0.024855765175767795,0
12,0,45,1,1,3,2,0,0,2,2,1,1,0,1,2,2,2,2,0,0,1,1,0.03599800473731887,1
13,1,45,1,1,0,3,0,1,0,1,1,0,0,0,1,1,2,2,1,1,0,0,0.030855432631987607,0
14,1,7,1,0,0,4,0,1,0,1,0,0,0,2,1,1,1,1,0,2,2,0,0.023141574473990706,0
15,0,45,1,1,2,2,0,1,2,1,1,1,0,2,1,1,2,1,0,0,0,0,0.024855765175767795,1
16,1,44,1,0,3,2,1,1,0,0,0,0,0,4,0,1,1,0,0,0,1,0,0.01971319307043653,1
17,1,45,1,0,3,4,0,1,2,2,1,0,0,0,0,1,1,2,1,1,1,0,0.02742705122843343,1
18,1,45,2,1,3,0,1,1,2,1,2,0,2,4,1,1,2,2,1,2,2,1,0.03942638614087306,0
19,1,15,2,1,3,4,1,1,1,0,2,1,2,2,1,1,1,1,0,0,0,0,0.030855432631987607,0
20,1,45,0,1,3,1,0,1,2,2,1,1,1,1,0,1,1,1,1,1,1,0,0.024855765175767795,1
21,1,45,2,0,0,0,1,1,1,0,1,1,2,1,1,1,1,1,1,0,2,0,0.026569955877544883,0
22,1,45,0,0,1,2,1,1,2,2,1,1,0,0,0,1,1,2,1,0,1,0,0.03942638614087306,1
23,1,45,0,0,0,5,0,0,0,0,1,0,0,0,0,1,0,0,1,2,0,0,0.03514090938643033,1
24,1,45,0,1,2,2,0,1,2,1,0,2,2,0,1,1,2,2,1,2,0,0,0.028284146579321975,1
25,1,45,0,1,3,5,0,0,2,2,1,0,1,4,2,1,1,2,1,2,1,0,0.029998337281099064,1
26,1,45,0,0,3,0,0,1,0,1,1,0,0,0,0,0,1,0,1,1,0,0,0.028284146579321975,0
27,0,45,0,1,2,4,1,1,2,2,0,0,0,0,1,1,2,2,0,0,2,0,0.029998337281099064,1
28,1,45,0,0,3,2,1,1,0,1,1,0,0,1,1,1,1,0,1,1,1,0,0.029141241930210518,1
29,1,44,0,0,3,4,0,1,1,0,1,1,0,3,2,0,1,0,1,0,1,0,0.03171252798287615,0
30,1,44,0,0,0,4,1,1,1,0,1,1,0,0,2,2,1,1,1,0,1,0,0.02742705122843343,0
31,1,45,2,1,2,0,1,1,1,2,1,1,0,1,2,1,0,0,1,1,1,1,0.026569955877544883,0
32,1,44,0,1,3,3,1,1,0,0,1,1,2,2,0,1,1,2,1,2,0,0,0.02571286052665634,1
33,1,45,0,1,3,2,1,1,2,2,2,2,2,4,0,1,1,1,0,2,0,0,0.03599800473731887,1
34,0,45,0,0,3,0,0,1,2,2,1,1,0,0,0,1,1,0,1,0,2,0,0.03428381403554179,1
35,1,45,0,0,2,4,0,1,1,2,1,1,0,4,1,1,2,2,0,0,0,0,0.023141574473990706,1
36,1,7,0,0,2,0,0,1,1,0,1,1,0,4,2,0,1,0,1,1,0,0,0.024855765175767795,0
37,1,34,0,0,3,1,0,1,1,2,1,1,0,2,0,1,1,1,1,0,1,0,0.032569623333764695,0
38,1,45,0,0,3,1,0,1,2,2,1,0,0,0,1,1,1,2,1,0,0,0,0.042854767544427234,0
39,1,45,0,0,2,5,1,1,2,2,1,2,2,4,1,1,2,2,0,0,2,0,0.029998337281099064,1
40,1,44,0,0,3,4,0,1,1,0,1,1,0,0,0,0,1,0,1,2,1,1,0.02057028842132507,1
41,1,45,0,0,3,5,1,1,2,1,0,2,0,1,2,2,1,0,1,0,0,0,0.029998337281099064,0
42,1,7,0,1,3,0,0,1,1,2,1,1,2,3,0,1,1,0,1,1,2,0,0.023141574473990706,1
43,1,28,0,0,1,4,0,1,1,1,1,1,0,1,2,0,0,1,1,1,1,0,0.015427716315993803,0
44,1,45,0,0,3,2,0,1,0,0,1,1,0,0,1,1,0,0,1,0,0,0,0.02571286052665634,1
45,0,45,0,1,3,2,0,1,2,2,1,2,2,2,1,1,1,2,1,1,2,0,0.032569623333764695,1
46,1,44,0,0,3,2,0,1,0,1,1,1,0,0,1,0,1,2,0,2,0,0,0.023998669824879252,0
47,1,45,0,0,3,4,0,1,1,0,1,1,0,0,1,1,2,2,0,2,0,0,0.029141241930210518,0
48,1,7,2,0,3,0,0,1,1,2,2,1,0,0,1,1,2,2,1,1,2,0,0.02228447912310216,0
49,1,45,0,1,2,2,0,1,2,0,1,0,0,0,0,1,1,2,1,1,0,0,0.02571286052665634,1
50,1,45,0,1,1,4,0,1,1,2,1,1,2,3,0,1,0,0,1,0,0,0,0.018856097719547982,1
51,1,45,0,0,3,1,1,1,0,1,0,0,0,0,1,1,1,2,0,0,0,0,0.028284146579321975,0
52,1,45,0,0,3,1,1,1,0,0,0,0,0,0,0,0,1,1,0,0,0,0,0.026569955877544883,0
53,1,45,0,0,0,0,1,1,0,1,1,1,0,0,0,1,1,2,1,1,0,0,0.02742705122843343,0
54,1,42,0,0,3,1,0,1,1,0,1,1,0,0,1,1,0,0,1,0,0,0,0.023998669824879252,0
55,1,45,0,1,2,2,0,1,2,2,1,1,2,0,0,1,0,0,1,1,0,0,0.023141574473990706,1
56,1,45,0,1,3,4,1,1,0,0,1,1,0,2,1,1,2,2,1,1,2,0,0.02742705122843343,0
57,1,45,0,1,3,2,1,1,0,0,1,1,0,0,1,0,1,2,2,2,1,0,0.02057028842132507,1
58,1,45,0,0,3,2,0,0,1,0,1,1,2,2,1,1,1,2,0,2,0,0,0.02228447912310216,0
59,1,7,0,1,1,4,1,1,0,0,1,1,1,1,2,1,0,0,1,0,0,0,0.028284146579321975,1
60,1,45,0,1,3,5,0,0,2,0,1,0,0,0,2,0,1,0,1,0,0,1,0.037712195439095965,1
61,0,33,0,0,3,2,1,1,0,1,2,2,2,4,1,1,2,2,0,2,2,0,0.02228447912310216,1
62,1,44,0,0,0,1,0,1,2,1,1,2,0,2,1,1,2,2,0,0,2,0,0.023141574473990706,0
63,1,15,0,0,3,2,0,1,1,0,1,1,0,4,2,1,0,0,1,1,1,1,0.02228447912310216,0
64,1,7,0,0,3,4,0,1,0,0,1,1,0,2,1,1,1,2,1,0,0,0,0.029998337281099064,0
65,1,45,0,1,3,5,1,1,2,2,2,2,0,0,2,0,1,0,1,1,1,1,0.03428381403554179,0
66,0,0,0,1,1,0,1,1,1,1,1,1,0,4,1,1,1,2,1,0,2,0,0.01971319307043653,1
67,1,45,0,0,3,1,1,1,2,0,0,2,0,0,0,1,1,1,0,2,2,0,0.030855432631987607,0
68,0,45,0,0,3,2,1,0,0,0,0,0,0,0,0,1,1,0,1,0,0,0,0.026569955877544883,0
69,1,45,2,0,2,0,1,1,1,0,1,1,0,0,0,1,1,0,1,1,0,0,0.029141241930210518,0
70,1,15,0,0,0,2,0,1,1,0,1,1,0,0,0,1,1,1,1,1,0,0,0.023998669824879252,0
71,1,7,0,0,0,4,0,1,0,1,0,0,0,2,1,1,1,2,1,1,0,0,0.029141241930210518,0
72,2,45,0,0,2,5,0,1,2,2,1,1,2,1,0,1,2,2,1,1,1,0,0.01971319307043653,0
73,1,44,0,0,3,2,0,1,1,0,1,0,2,2,1,1,1,2,0,2,2,0,0.032569623333764695,0
74,1,45,0,0,0,5,0,1,0,1,2,0,0,0,0,1,1,1,1,0,2,0,0.028284146579321975,0
75,1,44,0,0,3,0,0,1,1,2,1,1,1,1,2,1,0,0,1,0,1,0,0.016284811666882348,0
76,1,45,0,0,3,5,1,1,2,2,2,2,0,0,1,1,2,2,0,2,2,0,0.021427383772213617,0
77,1,45,2,1,3,0,1,1,1,0,1,1,2,1,1,1,2,2,0,0,2,0,0.026569955877544883,0
78,1,45,0,1,3,2,1,1,1,0,1,1,0,1,2,1,1,0,1,2,1,0,0.02742705122843343,1
79,1,17,0,0,0,4,1,1,0,0,0,0,0,4,1,1,1,1,0,2,2,0,0.023998669824879252,0
80,1,45,0,1,3,1,1,1,2,2,1,2,0,0,1,1,2,1,0,0,2,0,0.032569623333764695,0
81,1,44,0,0,0,2,0,1,2,1,2,0,0,4,1,1,1,2,0,0,2,0,0.01971319307043653,0
82,1,7,0,0,0,2,0,0,1,0,1,1,0,0,1,1,1,2,1,1,1,0,0.02571286052665634,0
83,0,45,2,0,1,0,1,1,2,2,2,2,2,4,0,0,1,2,1,0,2,0,0.023141574473990706,1
84,1,45,0,1,0,5,0,1,1,0,1,1,0,0,2,1,0,0,1,0,1,0,0.028284146579321975,0
85,1,45,0,0,3,2,0,1,0,1,1,1,0,0,1,1,1,2,0,0,1,0,0.026569955877544883,0
86,1,44,2,0,1,4,0,1,1,0,1,1,0,3,0,1,1,0,1,0,1,1,0.033426718684653245,1
87,0,45,0,1,2,3,1,1,2,1,1,0,0,0,2,0,1,1,1,1,0,0,0.029141241930210518,1
88,0,45,0,0,3,2,0,1,2,2,1,1,0,0,0,1,1,1,1,0,1,1,0.024855765175767795,1
89,1,45,0,0,3,3,0,1,0,0,1,0,0,0,1,1,1,1,1,1,0,0,0.02742705122843343,0
90,1,45,0,0,0,3,0,1,2,2,2,2,2,2,1,1,1,2,1,1,2,0,0.026569955877544883,0
91,1,45,0,0,3,2,0,1,1,2,1,1,2,3,1,1,2,2,2,2,1,0,0.03428381403554179,1
92,1,45,0,0,3,2,0,1,0,0,1,1,0,2,0,1,1,0,1,0,0,0,0.029141241930210518,0
93,3,36,0,0,3,2,1,1,2,2,1,1,2,2,1,1,2,2,2,2,0,0,0.015427716315993803,0
94,0,7,0,0,3,2,0,1,2,2,1,0,0,0,0,1,1,2,1,0,0,0,0.021427383772213617,1
95,1,45,0,0,0,2,0,1,0,0,1,0,0,0,1,1,2,2,0,0,1,0,0.024855765175767795,0
96,1,45,0,1,2,2,0,1,0,1,1,0,0,2,0,0,1,0,1,0,0,0,0.02057028842132507,0
97,1,26,0,1,3,4,0,1,0,0,1,1,0,0,1,1,1,2,0,2,1,0,0.026569955877544883,1
98,1,45,0,0,3,4,0,1,1,2,1,1,0,2,0,1,1,0,1,0,1,0,0.028284146579321975,1
99,1,45,0,0,1,0,0,1,1,2,1,1,2,2,1,1,2,2,0,0,2,0,0.02571286052665634,1
100,0,7,0,1,3,2,0,0,1,2,1,1,1,3,2,1,0,0,1,0,1,1,0.02228447912310216,1
101,0,45,0,0,0,1,0,1,2,1,0,0,0,0,0,0,0,1,1,1,0,0,0.037712195439095965,0
102,1,45,0,1,3,2,0,1,0,0,0,0,0,4,1,1,1,2,1,1,0,0,0.021427383772213617,0
103,1,45,0,1,3,2,1,1,2,2,2,2,2,2,1,1,1,2,0,0,2,0,0.028284146579321975,1
104,1,45,0,0,0,5,0,1,2,1,2,0,0,2,1,1,1,2,1,1,0,0,0.024855765175767795,0
105,1,45,0,1,2,4,0,1,2,1,1,1,2,2,1,1,1,2,1,1,0,0,0.029998337281099064,0
106,1,45,0,1,3,2,1,1,0,1,1,1,0,2,1,1,1,2,1,0,1,0,0.029998337281099064,1
107,1,5,0,1,2,4,0,1,1,0,1,1,1,0,0,1,2,2,1,1,0,1,0.023998669824879252,1
108,1,45,0,1,0,4,1,1,2,0,1,1,0,0,0,1,0,0,1,1,0,0,0.029141241930210518,0
109,1,45,0,0,3,2,0,1,2,0,2,2,2,1,0,1,1,2,1,0,2,0,0.02742705122843343,1
110,1,45,0,0,3,3,0,1,2,2,1,0,2,0,2,1,0,0,1,2,1,0,0.018856097719547982,1
111,1,45,0,0,3,2,0,1,2,2,2,2,2,2,1,1,1,1,1,0,2,0,0.023998669824879252,1
112,1,45,0,1,2,4,1,1,2,2,1,2,2,4,1,1,2,2,2,2,2,0,0.03856929078998451,1
113,1,45,0,0,0,1,0,1,2,2,1,0,0,0,0,1,1,1,1,1,0,0,0.02742705122843343,0
114,1,45,0,0,3,5,0,1,0,0,1,0,0,0,0,1,1,0,1,0,0,0,0.023998669824879252,0
115,1,44,0,0,0,4,0,1,0,0,1,0,0,4,1,1,1,1,1,1,0,1,0.02228447912310216,0
116,1,44,2,0,1,0,1,0,1,2,1,1,2,3,2,1,1,2,1,0,1,0,0.017999002368659436,0
117,1,7,0,0,2,4,0,0,2,2,2,2,2,4,0,1,1,2,1,1,0,0,0.023141574473990706,0
118,1,45,0,0,2,0,1,1,1,0,1,1,2,4,1,1,1,0,1,1,0,0,0.015427716315993803,1
119,1,45,0,0,3,2,1,1,0,1,1,0,0,0,1,1,1,2,0,0,0,0,0.029998337281099064,0
120,1,45,0,0,0,5,0,1,2,2,1,2,0,0,2,2,0,0,1,1,0,0,0.024855765175767795,0
121,1,45,0,0,3,2,1,1,0,0,1,1,0,4,1,1,1,2,1,1,0,0,0.021427383772213617,0
122,1,45,0,1,3,4,1,1,0,0,0,0,2,4,1,1,2,2,1,0,2,0,0.028284146579321975,1
123,1,45,0,0,1,4,0,1,2,0,1,1,2,0,0,1,0,0,1,1,0,0,0.030855432631987607,0
124,1,7,0,0,0,1,0,0,2,1,1,1,0,3,0,1,1,2,1,0,1,1,0.023141574473990706,1
125,1,45,0,1,0,3,0,1,2,0,2,2,2,0,2,1,1,0,1,2,0,0,0.023141574473990706,0
126,1,44,0,0,3,4,0,1,1,0,1,1,0,0,1,1,1,1,1,1,0,0,0.023141574473990706,0
127,1,45,0,0,2,1,0,1,2,2,1,2,2,0,2,1,0,2,1,1,0,0,0.02742705122843343,1
128,1,44,0,1,3,4,0,1,1,0,1,1,0,2,0,0,0,0,1,1,2,0,0.026569955877544883,0
129,1,38,0,0,3,4,0,1,0,0,1,1,0,2,2,2,1,0,1,1,0,0,0.016284811666882348,1
130,1,45,0,1,3,5,0,1,2,2,1,1,0,4,0,1,2,1,1,2,1,0,0.028284146579321975,1
131,1,45,0,0,2,0,1,1,1,2,1,1,0,3,0,1,2,1,1,2,0,0,0.02742705122843343,0
132,1,45,0,0,0,2,0,1,0,1,0,0,0,0,1,1,2,2,0,0,0,0,0.023141574473990706,0
133,1,10,0,0,3,2,1,1,1,2,1,1,2,2,1,1,2,2,0,2,1,0,0.032569623333764695,0
134,1,7,0,0,0,2,0,1,0,0,1,1,0,0,1,1,1,2,0,2,0,0,0.02057028842132507,1
135,1,44,0,0,0,2,0,0,1,0,1,1,0,0,2,0,0,0,1,1,0,0,0.033426718684653245,0
136,1,44,0,0,0,4,0,1,0,0,1,1,2,4,1,1,1,2,0,0,2,0,0.023998669824879252,0
137,1,45,0,0,1,5,0,1,2,1,1,1,0,2,1,1,2,2,1,1,0,0,0.033426718684653245,1
138,0,45,0,0,3,4,0,1,0,0,1,0,0,2,0,1,1,0,1,1,0,0,0.024855765175767795,0
139,1,1,0,0,3,4,1,1,0,0,0,1,0,2,1,1,1,1,1,1,0,0,0.018856097719547982,0
140,1,45,0,1,3,1,0,1,0,0,0,0,0,0,0,1,1,2,1,1,0,0,0.032569623333764695,1
141,1,44,2,0,3,5,0,0,1,2,2,2,2,3,2,2,1,0,1,0,2,0,0.03171252798287615,1
142,1,45,0,0,0,2,1,0,0,1,0,0,0,0,2,1,1,0,1,0,0,0,0.029998337281099064,0
143,1,45,0,0,3,5,1,0,2,0,0,2,0,0,1,1,1,2,1,1,0,0,0.026569955877544883,0
144,0,45,0,1,3,5,1,1,0,1,1,0,0,0,0,0,1,1,1,0,0,0,0.02571286052665634,0
145,1,45,0,1,2,1,0,0,2,2,2,2,0,2,0,0,1,2,0,0,0,0,0.03171252798287615,1
146,1,44,0,0,0,4,0,1,1,0,1,1,2,0,0,0,0,1,1,1,0,0,0.02057028842132507,0
147,1,45,0,0,3,4,0,0,1,0,1,1,1,2,2,2,0,0,1,1,1,0,0.01971319307043653,0
148,1,21,0,0,2,1,0,1,1,2,2,2,0,2,2,1,1,0,1,1,1,1,0.02571286052665634,1
149,0,45,0,0,3,1,1,1,0,1,1,0,0,0,0,1,0,1,1,0,0,0,0.024855765175767795,0
150,1,7,2,1,3,0,1,1,0,1,1,2,2,2,0,1,1,1,0,0,0,0,0.016284811666882348,0
151,1,45,0,1,0,2,0,1,0,1,1,1,0,4,1,1,1,1,1,0,1,0,0.02742705122843343,0
152,1,33,0,0,2,4,1,1,1,0,1,1,0,0,1,1,2,2,0,2,2,0,0.023998669824879252,0
153,1,45,0,0,0,4,0,1,0,1,0,0,0,0,1,1,1,1,0,0,0,0,0.030855432631987607,0
154,1,44,0,1,2,5,0,0,2,2,2,2,2,1,2,0,1,0,1,2,1,1,0.03171252798287615,1
155,1,45,0,1,3,2,0,0,0,0,1,0,0,1,0,1,1,1,1,0,1,0,0.021427383772213617,1
156,1,45,0,1,3,5,0,1,0,0,1,0,0,0,1,1,0,1,1,0,0,0,0.023141574473990706,1
157,1,45,0,0,1,2,0,0,0,1,1,1,0,0,2,0,1,2,1,0,1,0,0.02228447912310216,0
158,1,45,0,0,2,2,1,1,1,2,1,1,0,1,0,1,1,2,1,1,0,1,0.023141574473990706,1
159,1,45,0,1,3,2,0,1,0,1,1,1,0,4,0,1,1,0,1,1,0,1,0.021427383772213617,1
160,1,44,0,0,3,5,0,0,2,2,2,2,2,2,0,0,1,1,1,0,0,1,0.030855432631987607,1
161,0,45,0,1,3,3,0,1,2,0,1,1,0,0,2,2,1,1,1,1,0,0,0.021427383772213617,1
162,1,45,0,0,0,5,0,1,2,0,1,2,0,0,1,1,1,1,1,1,0,0,0.026569955877544883,0
163,1,45,0,1,2,4,0,1,0,0,1,1,0,0,0,1,1,2,1,1,0,0,0.02228447912310216,0
164,0,45,2,1,3,0,0,1,1,2,2,2,2,3,1,1,1,2,1,2,2,0,0.028284146579321975,1
165,0,44,2,1,3,0,1,1,1,2,1,1,2,2,1,1,2,2,1,0,2,0,0.023141574473990706,0
166,1,45,0,0,0,2,0,1,1,0,1,1,0,4,0,1,1,1,1,0,0,0,0.029141241930210518,0
167,1,45,0,0,3,4,0,1,1,2,1,1,0,3,0,1,2,2,1,0,1,0,0.03599800473731887,0
168,1,21,2,1,3,0,0,1,1,0,1,1,0,3,2,1,0,0,1,0,1,0,0.01971319307043653,0
169,1,44,0,0,2,1,0,1,0,1,2,0,0,4,0,0,1,1,1,0,0,0,0.02057028842132507,0
170,1,44,0,0,3,5,0,1,2,2,0,0,2,2,1,1,2,2,1,1,0,0,0.02228447912310216,1
171,1,44,2,0,1,4,0,1,0,0,1,1,0,0,0,1,1,2,1,0,0,0,0.026569955877544883,1
172,1,20,0,0,0,5,0,1,0,1,1,1,0,3,2,0,0,0,0,0,1,0,0.018856097719547982,1
173,0,45,0,0,3,4,0,1,0,0,1,0,0,0,0,0,1,2,1,0,2,0,0.01971319307043653,0
174,0,7,0,1,3,5,0,0,2,2,2,1,0,2,1,1,1,2,1,1,1,0,0.029141241930210518,1
175,1,45,0,0,0,2,0,1,0,1,1,0,0,0,0,1,0,1,1,0,0,0,0.026569955877544883,0
176,1,44,0,0,3,1,0,0,1,1,1,2,2,2,1,1,1,1,0,0,2,0,0.023998669824879252,0
177,0,45,0,0,1,4,1,1,2,1,0,0,2,4,1,1,2,2,1,1,2,1,0.02742705122843343,1
178,0,45,0,0,3,0,0,1,2,0,1,1,2,1,1,1,2,2,1,1,2,0,0.03856929078998451,1
179,1,45,0,0,3,4,1,1,0,0,1,1,0,4,1,1,2,2,1,0,0,0,0.028284146579321975,0
180,1,26,0,0,0,4,1,1,1,0,1,1,1,0,0,0,0,2,0,2,1,0,0.024855765175767795,0
181,0,20,2,0,3,4,0,0,1,0,1,1,0,2,0,0,1,1,1,1,0,0,0.02228447912310216,0
182,0,44,0,0,0,2,0,1,0,0,1,0,2,2,1,1,2,2,0,0,0,0,0.023998669824879252,0
183,1,45,0,0,3,5,0,1,0,1,0,0,0,0,2,2,1,1,1,1,0,0,0.03856929078998451,1
184,1,45,0,1,1,5,1,1,2,1,1,0,0,3,2,0,0,0,1,1,1,0,0.03685510008820742,1
185,1,45,0,0,3,3,1,1,2,0,1,1,0,0,2,1,1,0,0,2,1,0,0.03171252798287615,0
186,1,44,0,0,3,4,0,1,0,0,1,0,0,2,0,1,1,2,0,2,2,0,0.02057028842132507,0
187,1,15,0,0,3,4,1,1,1,2,1,1,0,2,1,1,1,0,1,0,2,0,0.02228447912310216,0
188,1,44,0,1,3,0,1,1,0,0,1,1,0,0,1,1,1,2,0,2,0,0,0.01971319307043653,0
189,0,45,0,1,0,5,0,1,2,1,0,1,2,2,0,1,0,0,1,1,0,0,0.029998337281099064,1
190,0,39,2,1,1,0,1,1,1,2,1,1,2,2,0,0,1,1,1,0,0,1,0.032569623333764695,1
191,1,45,0,1,3,2,0,1,2,0,1,1,0,2,0,0,1,0,1,0,1,0,0.023998669824879252,1
192,1,36,0,0,3,2,0,1,1,0,1,1,0,0,2,0,0,0,1,0,0,0,0.023998669824879252,0
193,1,45,0,0,2,4,0,1,1,0,1,1,2,0,1,1,1,2,1,1,0,0,0.029998337281099064,1
194,0,17,0,0,3,1,0,1,1,0,1,1,0,3,2,2,1,0,1,1,1,1,0.02742705122843343,0
195,1,23,2,1,0,4,0,1,1,0,1,1,0,2,0,0,1,1,1,0,0,0,0.026569955877544883,0
196,0,45,0,0,0,3,1,1,0,1,1,1,0,0,0,0,1,0,1,1,0,0,0.029998337281099064,0
197,1,45,0,0,2,5,0,1,2,0,1,1,2,2,1,1,1,2,1,0,1,0,0.02228447912310216,0
198,1,45,0,1,3,4,1,1,2,2,1,1,0,2,0,0,1,1,1,0,2,0,0.023141574473990706,0
199,1,44,0,1,3,5,0,1,0,0,1,1,0,0,0,0,1,0,1,0,0,0,0.023998669824879252,1
200,0,45,0,1,3,2,0,1,2,0,1,1,0,4,1,1,1,1,1,1,2,0,0.023141574473990706,1
201,0,45,0,0,3,3,0,0,2,2,2,2,2,2,0,1,1,2,1,1,2,0,0.029141241930210518,1
202,1,45,0,0,1,4,1,1,1,1,1,1,0,3,0,0,1,1,0,0,0,0,0.03514090938643033,1
203,1,21,0,0,3,0,0,1,1,2,1,1,0,3,2,1,0,0,1,2,0,0,0.03171252798287615,0
204,1,1,0,1,3,1,1,1,0,0,0,0,0,4,1,1,2,2,1,1,2,0,0.029141241930210518,0
205,1,44,0,1,3,1,1,1,0,1,1,1,0,1,2,0,0,0,1,1,1,1,0.02742705122843343,1
206,1,7,0,0,3,4,1,1,1,2,1,1,0,1,1,1,1,1,0,0,2,0,0.017999002368659436,1
207,1,45,0,0,1,2,0,1,1,2,1,1,2,2,0,1,2,2,1,0,0,0,0.02571286052665634,1
208,1,45,0,0,0,2,0,1,0,1,1,0,0,0,1,1,1,2,1,1,0,0,0.02057028842132507,0
209,1,6,0,0,3,1,0,1,1,0,1,1,1,4,2,0,0,0,1,0,0,0,0.02228447912310216,0
210,0,45,0,0,3,2,0,1,2,2,2,2,2,2,1,1,1,2,1,1,2,0,0.03428381403554179,0
211,1,44,0,1,3,2,0,0,1,0,1,1,0,0,2,0,1,2,1,0,0,0,0.03171252798287615,0
212,1,44,2,0,1,0,1,1,1,0,1,1,0,0,2,1,0,0,1,0,0,0,0.02228447912310216,1
213,0,45,0,1,3,4,0,1,0,0,1,1,1,0,2,0,1,1,1,0,1,1,0.02742705122843343,1
214,0,45,0,0,3,1,0,0,2,2,0,0,2,4,1,1,2,2,1,2,2,0,0.02742705122843343,1
215,0,45,2,1,3,0,1,1,1,0,0,0,0,3,1,1,1,0,1,1,0,0,0.023141574473990706,1
216,1,17,2,0,1,4,1,1,2,2,1,1,2,3,1,1,1,2,0,2,2,0,0.02571286052665634,1
217,1,7,2,0,3,4,0,1,2,2,1,0,2,4,1,1,1,1,1,1,2,0,0.026569955877544883,0
218,0,45,0,0,0,3,0,0,2,0,1,0,0,1,0,1,1,0,1,1,0,0,0.024855765175767795,1
219,1,45,0,0,3,2,0,1,2,1,1,1,0,4,2,1,0,1,1,1,0,0,0.03514090938643033,0
220,0,45,0,0,3,4,0,1,2,0,1,1,0,2,1,1,2,2,0,0,2,0,0.029141241930210518,0
221,1,44,0,0,3,2,0,1,0,0,1,1,0,0,1,1,2,2,2,2,0,0,0.028284146579321975,0
222,1,45,0,0,2,4,0,1,0,0,1,1,0,0,1,1,1,1,1,0,0,0,0.023998669824879252,0
223,1,45,0,0,3,5,0,1,1,2,1,1,2,3,2,1,0,1,1,1,1,0,0.023998669824879252,1
224,1,45,0,0,0,2,0,1,0,1,0,0,0,0,1,1,0,2,1,2,2,0,0.01971319307043653,0
225,1,45,0,0,3,0,0,1,0,0,0,1,2,4,1,1,2,2,0,2,2,0,0.02057028842132507,0
226,1,45,0,0,2,0,1,1,1,2,1,1,0,3,1,1,1,2,1,0,2,0,0.02742705122843343,0
227,1,0,2,0,3,0,1,1,0,1,2,2,0,1,2,2,0,0,1,0,2,0,0.029141241930210518,0
228,1,45,0,0,0,4,0,1,2,1,1,0,0,4,0,1,1,0,0,0,2,0,0.02057028842132507,0
229,1,44,2,0,3,0,0,1,1,2,1,1,0,0,0,1,1,1,1,0,2,0,0.02228447912310216,1
230,1,45,0,0,3,2,0,1,2,0,1,2,0,0,0,1,1,1,1,0,0,1,0.030855432631987607,1
231,1,45,0,0,2,3,1,1,2,2,1,0,0,0,0,0,1,0,0,0,1,0,0.03514090938643033,1
232,1,44,0,0,3,5,0,0,0,1,0,0,0,3,2,1,0,0,1,0,1,0,0.032569623333764695,1
233,1,45,0,0,3,2,1,1,0,1,1,0,0,0,0,0,1,2,1,0,1,0,0.032569623333764695,0
234,1,28,0,0,3,2,0,1,0,0,0,0,2,2,1,1,1,1,1,1,2,0,0.02571286052665634,0
235,1,44,0,0,0,2,0,1,1,0,1,1,0,1,2,0,0,0,1,0,1,0,0.021427383772213617,0
236,1,7,0,1,1,2,0,1,2,2,1,0,0,0,0,1,1,1,1,2,0,0,0.03171252798287615,1
237,1,44,0,1,3,4,0,1,1,0,1,1,2,1,1,1,1,2,1,2,1,1,0.029141241930210518,0
238,0,45,0,1,3,5,0,0,2,2,2,2,2,2,1,1,1,1,1,0,2,0,0.03171252798287615,1
239,0,7,0,1,3,4,0,0,2,2,2,2,2,0,1,1,1,2,1,1,1,1,0.023998669824879252,1
240,1,41,0,0,3,4,0,1,0,0,1,1,0,0,1,1,1,2,0,0,1,0,0.018856097719547982,0
241,1,45,0,1,3,0,0,1,1,0,1,1,0,1,0,1,1,1,1,0,1,1,0.029141241930210518,1
242,1,45,0,1,3,2,0,1,2,2,2,2,2,2,1,1,1,2,1,1,0,0,0.028284146579321975,1
243,1,39,0,0,3,4,0,1,1,0,1,1,2,1,0,1,1,2,1,2,1,0,0.021427383772213617,0
244,1,45,0,0,0,5,1,1,2,2,0,0,2,2,1,1,1,2,0,0,2,0,0.023141574473990706,0
245,1,45,0,0,3,5,1,1,2,2,2,2,2,0,2,0,0,0,1,0,1,1,0.03428381403554179,1
246,1,45,0,0,1,4,0,0,0,0,1,0,0,0,0,1,0,0,1,0,0,0,0.017999002368659436,1
247,1,44,0,0,3,4,0,0,1,0,1,1,2,4,1,1,2,2,0,2,2,0,0.024855765175767795,0
248,1,45,0,1,3,0,1,1,1,0,1,1,0,0,0,1,2,2,1,2,0,0,0.02742705122843343,1
249,0,45,0,1,2,3,1,0,2,2,2,0,2,0,0,1,1,0,0,2,0,0,0.024855765175767795,1
250,1,45,0,1,3,2,1,0,0,0,1,0,2,2,0,1,1,1,1,2,2,0,0.01971319307043653,1
251,1,45,0,1,3,1,0,1,2,0,1,0,2,2,1,1,1,2,1,0,2,1,0.023998669824879252,0
252,1,45,0,1,2,1,1,1,2,2,2,0,2,4,1,1,1,2,1,0,2,0,0.026569955877544883,1
253,1,44,0,0,3,1,0,0,0,1,0,0,1,4,0,0,2,2,1,1,0,0,0.023141574473990706,0
254,1,45,0,0,3,4,0,1,0,0,0,0,0,0,1,1,2,2,0,0,0,0,0.02057028842132507,0
255,1,7,0,0,1,4,0,1,1,0,1,1,0,1,2,1,0,0,1,0,0,0,0.024855765175767795,0
256,0,44,0,0,3,4,0,1,0,1,0,0,0,0,0,0,1,1,1,0,2,0,0.01971319307043653,1
257,1,45,0,0,0,4,1,1,1,2,1,2,0,2,1,1,1,2,1,1,2,0,0.03599800473731887,0
258,1,44,0,0,3,0,0,1,1,0,1,1,0,0,2,1,1,1,1,2,1,0,0.02057028842132507,0
259,1,0,0,1,1,4,0,1,1,2,1,1,1,3,2,0,0,0,1,2,1,1,0.021427383772213617,1
260,0,45,0,0,2,4,0,1,2,0,1,1,2,0,0,0,2,0,1,0,0,0,0.023141574473990706,1
261,1,7,0,0,3,4,1,1,1,2,1,1,1,3,2,2,1,1,1,0,1,0,0.023141574473990706,0
262,1,45,0,0,3,1,1,1,2,2,1,2,2,0,1,1,2,2,0,1,2,0,0.02571286052665634,1
263,1,33,0,1,2,4,0,1,1,2,1,1,2,3,0,1,1,1,1,2,1,0,0.024855765175767795,1
264,1,7,2,0,3,4,1,1,1,1,1,1,0,2,0,1,2,2,2,2,0,0,0.03685510008820742,0
265,1,45,0,0,3,4,0,1,1,2,1,0,0,4,1,1,1,2,1,0,0,0,0.02742705122843343,0
266,1,45,0,0,3,2,1,1,2,2,0,1,0,4,1,1,2,2,2,2,2,0,0.03514090938643033,1
267,1,44,2,1,3,0,1,1,0,1,0,0,0,4,0,0,2,1,0,0,0,1,0.02742705122843343,1
268,0,45,0,1,1,2,0,1,2,2,1,1,2,0,0,1,1,1,1,2,0,0,0.03171252798287615,1
269,1,45,0,0,0,4,1,1,1,0,1,1,0,4,1,1,2,2,1,1,0,0,0.02742705122843343,0
270,1,21,2,0,3,0,1,1,1,0,1,1,0,1,1,1,1,1,1,0,1,0,0.02571286052665634,0
271,0,45,0,1,0,1,0,0,2,0,0,0,2,0,1,1,1,2,0,0,2,0,0.01971319307043653,1
272,1,45,0,0,3,5,0,1,2,2,2,2,2,4,1,1,1,2,1,1,2,0,0.02571286052665634,0
273,1,44,0,0,3,2,0,1,1,2,1,1,0,2,0,0,2,1,1,1,0,0,0.029141241930210518,0
274,1,45,0,0,2,2,1,1,2,0,1,1,0,0,2,1,0,0,1,0,1,0,0.032569623333764695,1
275,1,7,0,0,3,1,0,1,2,0,2,2,2,0,1,1,1,2,1,1,0,0,0.028284146579321975,0
276,1,45,0,0,3,2,0,0,2,0,1,1,0,0,0,1,1,0,1,1,0,0,0.029141241930210518,0
277,1,9,0,0,3,4,0,1,1,2,1,1,0,2,0,0,0,1,1,1,0,0,0.023998669824879252,0
278,1,45,0,0,2,1,0,0,2,2,2,0,0,4,0,1,1,1,1,1,2,0,0.023998669824879252,1
279,1,45,0,1,3,1,0,1,0,0,1,0,0,0,0,1,1,0,1,0,1,0,0.01971319307043653,0
280,1,0,2,1,3,4,1,1,0,1,2,2,0,2,0,1,1,2,1,2,1,1,0.018856097719547982,1
281,1,34,0,0,0,4,0,1,1,0,1,1,2,0,2,1,0,0,1,0,0,0,0.023141574473990706,0
282,1,45,0,0,3,4,0,1,0,0,1,0,0,0,2,1,0,0,1,0,0,0,0.015427716315993803,1
283,1,45,0,1,3,2,0,1,2,2,1,1,2,1,2,1,0,1,1,0,0,0,0.029998337281099064,1
284,1,7,0,0,3,1,0,0,0,1,1,1,0,0,1,1,1,1,1,2,1,0,0.021427383772213617,0
285,1,44,0,1,3,4,0,1,1,0,1,1,2,2,0,0,2,2,2,2,2,0,0.023141574473990706,1
286,0,45,0,1,2,5,0,1,2,1,0,0,0,0,0,1,1,1,1,1,0,0,0.02228447912310216,1
287,1,45,0,0,0,2,0,1,0,1,0,0,0,4,1,1,1,1,1,0,2,0,0.015427716315993803,0
288,0,45,0,0,3,0,0,1,1,2,1,1,0,0,1,0,1,0,1,1,0,1,0.032569623333764695,1
289,0,45,0,1,2,5,1,1,2,2,2,0,0,2,0,1,1,0,1,1,0,0,0.02228447912310216,1
290,1,42,2,0,0,0,0,1,1,0,1,1,1,2,1,1,2,2,1,1,2,0,0.02571286052665634,0
291,1,45,0,0,0,5,0,1,0,0,1,0,0,0,2,0,1,1,1,1,0,0,0.029998337281099064,0
292,1,45,0,1,3,5,0,1,2,2,0,0,2,0,0,1,1,1,1,0,0,0,0.03856929078998451,1
293,1,45,0,0,0,5,0,1,2,0,1,0,0,0,0,1,1,1,1,1,0,0,0.02742705122843343,0
294,1,45,0,0,0,5,0,1,2,1,0,0,0,0,1,0,2,1,1,0,0,0,0.047997339649758504,1
295,0,45,0,0,3,3,0,1,0,1,1,0,0,0,0,0,1,0,1,0,1,0,0.02057028842132507,0
296,0,45,0,1,3,2,0,1,2,2,2,0,0,4,1,1,2,2,1,2,2,0,0.02571286052665634,1
297,1,45,0,0,3,5,0,1,2,0,0,2,0,0,1,1,1,2,0,0,2,0,0.05142572105331268,0
298,1,45,0,1,3,5,0,1,2,0,2,2,0,0,2,1,0,0,1,0,0,0,0.028284146579321975,1
299,1,45,0,0,0,5,0,1,2,2,2,2,0,0,1,1,1,2,0,0,0,0,0.03171252798287615,0
300,0,45,0,0,3,5,0,1,2,2,2,2,0,0,1,1,1,1,1,1,2,0,0.01971319307043653,1
301,0,45,0,0,3,5,0,1,2,1,0,0,2,2,1,1,2,2,1,1,2,0,0.026569955877544883,1
302,1,45,0,0,2,1,0,1,2,1,1,0,0,0,1,1,1,2,1,0,0,0,0.02228447912310216,0
303,0,45,0,1,1,1,1,0,2,2,2,2,2,2,2,1,1,2,1,1,2,0,0.023998669824879252,1
304,0,45,0,0,2,5,0,1,2,2,0,2,0,2,1,1,1,2,1,1,2,0,0.03171252798287615,1
305,1,7,0,1,1,4,0,1,2,0,1,0,0,0,0,1,1,1,0,0,2,0,0.02228447912310216,1
306,2,45,0,1,2,2,0,1,2,1,1,1,0,2,0,1,1,2,1,1,0,0,0.02571286052665634,1
307,1,45,0,0,3,2,0,1,1,0,1,1,0,0,1,1,1,1,1,1,0,1,0.02228447912310216,0
308,1,45,0,0,3,2,1,1,0,1,1,0,0,0,1,1,1,2,1,1,0,0,0.021427383772213617,0
309,1,45,0,0,3,1,0,1,2,1,2,2,0,0,0,1,1,2,1,0,0,0,0.023141574473990706,0
310,1,7,0,0,1,4,1,0,0,0,1,0,0,1,2,0,0,0,1,0,0,0,0.021427383772213617,1
311,1,45,0,0,2,1,0,1,2,1,0,2,0,0,1,1,1,2,1,1,0,0,0.029998337281099064,1
312,1,45,2,0,0,0,0,1,1,2,1,1,0,2,0,1,1,2,1,1,2,0,0.030855432631987607,1
313,1,45,0,1,3,5,0,1,2,1,1,0,0,0,2,1,0,0,1,1,1,0,0.02228447912310216,1
314,1,45,0,1,3,5,0,1,0,0,0,0,0,4,1,1,2,2,0,0,2,0,0.023141574473990706,0
315,1,45,0,0,3,4,0,0,0,1,1,0,0,0,0,0,1,1,1,1,0,0,0.02571286052665634,0
316,1,45,0,0,3,1,0,0,0,1,1,0,0,0,0,1,0,0,1,0,0,0,0.024855765175767795,0
317,1,45,0,0,0,5,0,0,2,2,2,2,2,4,1,1,1,2,0,0,2,0,0.021427383772213617,0
318,0,45,0,1,1,5,0,1,2,2,2,2,2,2,0,1,0,1,1,1,2,1,0.018856097719547982,1
319,1,25,0,0,3,2,0,1,1,2,1,1,0,2,0,0,1,1,1,1,0,0,0.024855765175767795,0
320,1,45,0,1,2,1,1,1,2,2,0,2,2,2,1,1,1,2,0,0,2,0,0.03514090938643033,1
321,1,45,0,0,3,5,0,1,2,0,1,0,0,0,2,1,1,1,1,0,1,0,0.024855765175767795,1
322,1,45,0,0,0,3,0,1,2,1,0,2,2,2,1,1,1,2,0,0,2,0,0.02742705122843343,0
323,0,45,0,1,3,5,0,1,2,2,1,2,2,0,0,1,1,0,1,0,0,0,0.02057028842132507,1
324,1,45,0,0,2,4,0,1,2,0,0,1,0,0,0,1,0,0,1,1,0,0,0.021427383772213617,1
325,1,45,0,0,3,5,0,1,0,1,0,0,0,0,0,1,0,0,1,0,0,0,0.021427383772213617,0
326,0,45,0,0,0,5,0,1,2,2,2,2,2,2,0,0,0,1,1,1,0,0,0.02571286052665634,0
327,1,45,0,1,3,5,0,1,0,1,0,2,0,0,1,1,2,2,1,1,2,0,0.021427383772213617,1
328,1,45,2,0,0,0,1,1,1,2,1,1,0,0,0,1,1,1,1,0,0,0,0.02571286052665634,0
329,1,17,2,1,2,0,0,0,1,0,1,1,0,1,2,2,0,0,0,1,2,1,0.028284146579321975,1
330,1,45,0,0,3,2,0,1,2,1,2,2,2,4,1,1,1,1,1,0,2,0,0.02057028842132507,0
331,1,7,0,1,3,5,0,1,2,2,1,0,0,0,2,0,1,0,1,1,1,0,0.021427383772213617,1
332,1,45,0,0,3,1,0,0,0,0,1,1,2,2,0,1,0,0,1,2,1,0,0.026569955877544883,0
333,1,21,2,0,1,0,0,1,1,0,1,1,0,3,1,1,0,0,1,1,0,0,0.03856929078998451,1
334,1,35,0,0,3,4,1,0,1,2,1,1,0,0,0,0,1,1,0,0,1,0,0.024855765175767795,0
335,1,45,0,0,0,2,0,1,2,1,2,0,0,4,1,1,1,1,0,0,0,0,0.03942638614087306,0
336,1,44,0,0,3,2,0,1,0,0,1,0,0,0,2,0,0,0,1,0,0,0,0.02571286052665634,1
337,0,45,2,0,3,5,0,1,2,1,0,1,0,4,0,0,1,1,1,1,0,0,0.024855765175767795,0
338,1,45,0,0,3,5,0,1,2,2,0,0,2,0,2,1,0,0,1,0,0,0,0.02057028842132507,0
339,1,45,0,0,3,2,0,1,2,2,2,2,2,4,1,1,1,2,1,0,2,0,0.024855765175767795,0
340,1,45,0,0,3,2,0,0,0,1,1,0,0,0,1,1,2,2,1,1,1,0,0.029998337281099064,0
341,0,45,0,1,3,2,1,1,1,2,1,1,0,3,2,0,1,1,1,0,1,0,0.028284146579321975,0
342,1,45,0,0,3,5,0,1,0,1,0,0,0,4,2,1,0,0,1,0,1,0,0.023141574473990706,0
343,1,45,0,0,3,5,0,1,0,1,0,0,0,0,0,1,1,1,1,1,0,0,0.030855432631987607,0
344,1,44,0,0,2,0,1,1,0,0,1,1,0,0,2,0,0,0,1,0,1,0,0.028284146579321975,0
345,0,45,0,1,3,2,0,1,2,2,1,1,2,0,1,1,1,2,1,1,0,0,0.021427383772213617,1
346,1,45,0,1,3,1,0,0,0,0,1,1,0,0,1,1,2,2,0,2,0,0,0.01971319307043653,1
347,1,45,0,1,0,5,0,1,0,0,2,2,0,0,1,1,0,2,1,1,0,0,0.04628314894798141,1
348,1,45,0,0,3,5,0,1,0,0,0,0,0,0,0,1,1,0,1,0,0,0,0.018856097719547982,0
349,2,45,0,1,3,5,0,1,2,2,0,0,0,0,0,1,1,1,1,1,2,0,0.021427383772213617,1
350,1,3,0,0,1,4,0,0,0,0,1,1,0,0,0,1,2,2,0,0,0,0,0.024855765175767795,0
351,1,45,0,0,3,5,0,1,2,2,2,2,2,0,1,1,0,0,1,2,2,0,0.023141574473990706,1
352,1,44,0,0,0,4,0,1,1,0,1,0,0,4,1,1,1,2,1,0,2,0,0.02571286052665634,0
353,1,45,0,1,1,5,0,1,2,1,0,2,0,0,0,1,1,0,1,1,0,0,0.02228447912310216,1
354,0,41,0,1,3,4,0,1,2,2,2,1,0,2,1,1,1,2,1,1,1,0,0.021427383772213617,0
355,1,45,0,0,3,3,0,0,1,2,1,0,2,0,1,1,1,0,1,1,1,0,0.026569955877544883,1
356,1,45,0,1,3,2,0,1,0,1,1,1,0,0,0,1,1,1,1,1,0,0,0.028284146579321975,1
357,1,45,0,1,3,5,0,1,2,2,0,2,2,0,0,0,0,0,1,1,0,0,0.029141241930210518,1
358,1,45,0,0,3,1,1,1,1,0,1,1,0,2,2,2,1,1,1,0,0,0,0.029141241930210518,1
359,1,45,2,0,3,0,1,1,1,2,1,1,2,4,1,1,2,2,0,0,2,0,0.024855765175767795,0
360,0,45,0,0,3,4,0,1,1,0,1,1,0,1,0,1,1,1,1,1,0,0,0.028284146579321975,0
361,1,17,2,1,2,2,1,1,1,0,1,0,0,1,1,1,2,2,1,0,2,0,0.029141241930210518,1
362,1,45,2,1,2,1,1,0,1,0,1,0,1,0,0,1,1,2,1,2,1,0,0.02228447912310216,1
363,1,45,0,1,2,5,0,0,2,2,2,2,2,0,1,1,1,2,1,2,2,0,0.02742705122843343,1
364,1,45,0,0,1,4,1,1,2,2,1,1,0,0,0,1,1,0,1,1,1,0,0.026569955877544883,1
365,1,45,0,1,3,5,0,1,0,1,1,0,0,1,0,0,0,0,1,1,1,0,0.023998669824879252,1
366,1,45,0,1,3,5,0,1,2,0,2,2,2,4,1,1,1,2,1,1,0,0,0.029998337281099064,0
367,1,45,0,1,1,1,0,1,1,2,1,1,2,4,1,1,1,1,1,1,0,0,0.030855432631987607,1
368,1,45,0,1,2,1,0,1,2,0,1,0,2,0,1,1,2,2,0,0,0,0,0.017999002368659436,1
369,1,44,0,0,3,4,0,0,0,1,1,1,1,4,2,1,1,0,1,0,1,0,0.017999002368659436,1
370,0,45,0,0,3,5,0,1,2,0,2,2,2,2,1,1,0,1,1,1,2,0,0.018856097719547982,0
371,1,45,0,1,1,5,0,1,2,0,2,2,0,1,0,1,2,1,1,0,1,1,0.03514090938643033,1
372,1,45,0,1,2,5,0,1,2,2,2,2,2,4,1,1,2,2,1,1,2,0,0.047140244298869954,1
373,0,45,0,0,3,2,0,1,2,2,2,2,2,2,0,1,1,2,1,0,2,0,0.02742705122843343,1
374,0,45,0,1,2,2,0,1,0,1,0,1,0,2,2,1,1,0,1,2,0,0,0.017999002368659436,1
375,1,45,0,0,0,2,1,1,2,2,0,0,0,0,0,1,0,1,1,0,0,0,0.03856929078998451,1
376,0,45,0,0,2,5,0,1,2,2,1,1,2,0,2,0,0,0,1,1,1,0,0.023141574473990706,1
377,0,45,0,1,3,2,1,1,0,0,1,1,0,0,0,1,1,2,1,1,2,0,0.021427383772213617,1
378,0,45,0,1,2,5,0,0,2,2,2,2,2,3,0,0,1,1,1,1,2,0,0.029141241930210518,1
379,0,45,0,1,0,5,0,1,2,2,1,2,2,0,0,1,0,0,1,1,0,0,0.02228447912310216,1
380,1,7,0,0,0,3,0,1,2,1,1,0,0,2,1,1,1,1,1,1,0,0,0.03514090938643033,1
381,1,45,0,0,2,5,0,1,2,0,2,2,2,0,1,1,1,2,1,0,2,0,0.023141574473990706,1
382,1,45,0,1,3,2,1,1,2,0,1,1,0,0,1,1,2,2,1,1,0,0,0.026569955877544883,1
383,1,17,0,1,1,2,1,1,1,0,1,1,2,2,1,1,2,2,1,2,1,0,0.021427383772213617,1
384,1,45,0,0,3,4,0,1,0,0,1,1,0,0,2,2,1,0,1,1,1,0,0.02228447912310216,1
385,0,45,0,1,2,5,1,1,2,2,1,0,0,0,0,0,0,2,1,1,0,0,0.023141574473990706,1
386,1,29,0,0,0,3,0,1,0,1,1,1,0,0,1,1,1,2,0,0,0,0,0.03599800473731887,0
387,3,45,2,1,3,0,1,1,2,2,1,1,0,3,2,1,1,0,1,0,1,0,0.024855765175767795,1
388,0,45,0,0,3,4,0,1,0,1,1,1,0,1,2,1,1,0,1,0,0,0,0.021427383772213617,1
389,0,41,0,1,2,5,0,1,2,2,1,2,2,0,0,1,1,0,1,2,0,0,0.028284146579321975,1
390,3,47,2,1,1,0,0,1,1,2,1,1,1,3,2,2,0,0,2,1,1,1,0.026569955877544883,1
391,0,45,0,1,2,5,0,0,2,0,0,0,0,2,0,0,0,0,1,1,0,0,0.03428381403554179,1
392,1,45,0,0,0,5,0,1,0,0,1,0,0,2,2,1,1,0,1,1,0,0,0.026569955877544883,0
393,1,7,0,1,1,2,1,1,0,0,0,0,0,4,1,1,2,2,1,1,2,0,0.02228447912310216,1
394,0,45,0,1,3,3,0,0,1,0,1,1,1,3,2,0,0,0,1,0,1,1,0.02057028842132507,0
395,1,45,0,0,0,5,0,0,2,1,1,0,0,0,0,1,1,1,1,1,0,0,0.024855765175767795,0
396,1,44,0,0,3,2,0,1,0,0,1,1,0,0,0,0,0,0,1,1,1,0,0.04114057684265014,0
397,1,44,0,0,3,4,0,1,1,0,1,1,0,3,0,0,1,2,1,0,1,1,0.029998337281099064,0
398,0,45,0,0,0,1,0,1,0,1,1,1,0,0,0,1,0,1,1,0,0,0,0.02742705122843343,0
399,1,7,0,0,3,1,0,1,0,1,0,0,2,2,0,1,1,1,1,0,2,0,0.024855765175767795,1
400,1,45,0,1,1,4,0,1,2,2,1,1,0,1,0,1,1,2,1,1,1,0,0.02228447912310216,1
401,1,45,0,1,3,2,0,1,2,2,1,1,0,0,0,1,1,0,1,0,1,0,0.023998669824879252,1
402,1,45,0,0,3,5,0,1,0,0,1,0,0,0,1,1,1,2,1,0,1,0,0.01971319307043653,0
403,1,45,0,1,3,1,0,1,2,2,1,1,0,3,0,0,1,1,1,0,1,1,0.029998337281099064,1
404,1,17,0,1,3,2,0,1,0,0,1,1,0,4,0,1,1,1,0,0,0,0,0.024855765175767795,1
405,1,45,0,1,3,4,0,1,2,2,1,2,2,4,1,1,1,2,0,0,1,0,0.02228447912310216,0
406,1,45,0,1,0,2,1,1,2,2,2,2,0,0,2,0,2,1,1,1,2,0,0.028284146579321975,1
407,1,45,0,0,3,5,1,1,0,0,0,0,0,0,2,1,1,0,1,0,2,0,0.028284146579321975,0
408,1,5,2,0,0,4,1,1,0,0,1,1,0,2,1,1,2,2,0,1,0,0,0.018856097719547982,0
409,0,40,0,1,3,3,0,1,1,0,1,1,0,0,2,0,0,0,1,1,0,0,0.02571286052665634,0
410,1,45,0,1,1,5,1,1,2,2,1,1,0,2,2,1,0,0,1,1,1,0,0.028284146579321975,1
411,0,45,0,1,2,5,0,0,0,1,1,0,0,3,2,0,0,0,1,0,1,0,0.026569955877544883,1
412,1,45,0,1,0,5,0,1,0,1,0,0,0,0,1,1,1,1,1,0,0,1,0.017999002368659436,0
413,2,44,0,1,3,5,0,1,0,0,1,1,0,0,2,0,0,0,1,2,2,0,0.026569955877544883,1
414,0,45,0,0,3,1,1,1,0,1,0,0,0,1,1,1,1,1,1,1,2,0,0.02228447912310216,1
415,1,45,0,1,1,4,0,1,0,0,1,0,0,2,0,1,1,2,1,1,0,0,0.02571286052665634,0
416,3,17,0,1,3,1,0,1,0,1,1,1,0,1,1,1,2,2,0,0,1,0,0.02571286052665634,1
417,1,20,0,0,3,4,0,1,1,0,1,1,0,0,1,1,1,2,0,0,1,0,0.01971319307043653,0
418,1,14,0,0,0,4,0,1,1,0,1,1,0,2,1,1,2,2,1,0,0,0,0.029141241930210518,0
419,1,45,0,1,3,0,1,1,1,2,1,0,0,0,2,0,0,0,1,1,1,1,0.047140244298869954,1
420,1,17,0,1,2,0,1,1,2,0,1,1,2,4,1,1,2,2,1,1,2,0,0.023998669824879252,1
421,1,46,0,0,3,2,1,1,0,0,0,1,0,0,1,1,1,0,1,2,0,0,0.02228447912310216,0
422,1,29,0,1,3,4,1,1,2,2,2,1,0,4,1,1,2,2,2,2,2,0,0.023998669824879252,1
423,1,44,0,1,3,4,0,1,1,0,1,0,0,2,1,1,1,2,1,1,0,0,0.02742705122843343,1
424,0,45,0,0,2,5,0,0,2,2,1,0,0,0,0,1,0,0,1,1,0,0,0.023998669824879252,1
425,1,45,0,0,3,4,0,0,0,1,1,2,2,0,1,1,1,1,0,0,2,0,0.017999002368659436,0
426,1,45,0,1,3,1,0,1,1,2,1,1,0,1,2,1,1,1,1,0,1,1,0.02057028842132507,1
427,0,45,0,0,3,5,0,0,2,1,2,0,0,0,0,1,1,0,1,1,0,0,0.02228447912310216,0
428,1,45,0,0,3,5,0,0,2,0,1,1,0,0,1,1,2,0,1,2,0,0,0.01971319307043653,0
429,0,45,0,0,3,5,0,1,2,2,2,2,2,2,1,1,1,1,2,2,2,0,0.02057028842132507,0
430,1,7,2,0,0,1,1,1,0,0,1,1,0,2,0,1,1,2,1,1,2,0,0.023998669824879252,0
431,0,45,0,1,2,4,0,1,1,0,1,1,0,4,2,1,0,1,1,2,2,0,0.02057028842132507,1
432,1,45,2,0,1,0,1,1,1,0,1,1,2,2,2,0,1,1,2,2,0,0,0.028284146579321975,1
433,1,45,0,0,3,2,0,1,0,0,1,1,0,0,0,1,2,2,1,0,0,0,0.029141241930210518,0
434,0,45,0,0,3,2,0,1,0,1,1,1,0,1,0,0,1,1,1,1,0,0,0.023141574473990706,1
435,1,45,0,0,0,4,0,1,0,0,1,0,0,0,1,1,1,2,1,1,0,0,0.023998669824879252,0
436,1,45,0,0,3,5,0,1,0,1,0,0,0,0,1,1,1,2,1,1,0,1,0.02228447912310216,0
437,1,0,0,0,3,1,1,1,0,1,0,0,2,4,1,1,1,2,1,1,0,0,0.017141907017770894,0
438,0,45,0,0,3,2,0,1,2,2,1,0,0,0,0,1,1,0,1,0,0,0,0.01971319307043653,1
439,1,45,0,1,2,0,1,1,2,2,2,2,2,2,1,1,2,2,0,0,2,0,0.024855765175767795,1
440,1,44,0,1,3,4,0,1,1,0,1,1,0,0,0,0,0,0,1,0,1,0,0.02228447912310216,0
441,1,45,0,0,2,5,1,1,2,0,2,0,0,2,0,1,0,0,1,1,0,0,0.030855432631987607,0
442,1,45,0,0,3,5,0,1,2,2,2,2,2,0,0,1,1,2,0,2,2,1,0.03514090938643033,1
443,0,45,0,0,3,1,1,1,2,0,0,1,0,0,1,1,1,2,1,1,2,0,0.028284146579321975,0
444,1,7,0,1,3,4,0,1,2,2,1,1,2,4,1,1,2,2,1,1,2,0,0.01971319307043653,1
445,1,45,0,1,1,5,0,1,2,0,1,0,0,0,2,1,1,1,1,0,1,1,0.033426718684653245,0
446,1,45,0,1,3,5,0,1,2,1,0,0,0,0,0,1,1,1,1,0,0,1,0.029141241930210518,0
447,0,45,0,0,3,1,0,1,2,2,1,1,0,1,2,0,1,1,1,1,1,1,0.02228447912310216,1
448,1,45,0,0,2,2,0,1,2,2,2,1,0,0,1,1,1,2,1,1,0,0,0.02057028842132507,1
449,1,7,0,1,2,5,0,0,2,2,2,2,0,0,0,0,1,1,1,1,0,0,0.03171252798287615,1
450,1,45,2,1,1,4,1,1,2,2,1,1,2,4,1,1,2,2,0,0,2,0,0.03685510008820742,1
451,2,45,0,1,0,5,0,1,2,2,2,0,2,0,2,0,0,1,1,0,2,0,0.03428381403554179,0
452,1,45,0,1,1,5,0,1,2,2,2,1,0,3,2,1,1,0,1,1,1,1,0.02571286052665634,1
453,1,45,0,0,3,4,0,1,0,1,1,1,0,0,2,2,1,0,1,1,0,0,0.029141241930210518,1
454,1,45,0,1,3,1,0,1,0,1,1,0,0,0,2,1,0,0,1,2,0,0,0.023141574473990706,1
455,1,45,0,0,3,5,0,1,0,0,1,1,2,2,1,1,2,2,0,2,0,0,0.030855432631987607,0
456,1,5,0,0,2,4,0,1,1,2,1,1,0,2,0,1,1,1,1,0,1,0,0.023141574473990706,0
457,1,28,0,1,0,1,0,1,2,0,1,1,2,0,2,1,0,0,1,0,0,0,0.029998337281099064,0
458,1,44,0,0,0,4,0,1,1,0,1,1,0,0,0,1,1,0,1,2,2,0,0.02742705122843343,0
459,1,45,0,0,3,3,0,1,2,0,1,1,0,0,0,0,1,1,1,1,0,0,0.03171252798287615,0
460,1,44,0,0,3,2,0,1,0,0,0,0,0,0,1,1,1,2,0,0,2,0,0.024855765175767795,0
461,0,45,0,0,0,3,0,1,2,1,2,2,0,4,0,1,1,2,1,1,2,0,0.028284146579321975,0
462,1,45,0,0,3,4,1,1,1,2,1,1,0,2,2,0,1,0,1,1,0,0,0.023998669824879252,0
463,0,45,0,1,0,2,0,1,0,1,1,1,0,1,0,0,1,0,1,0,1,0,0.02228447912310216,0
464,1,45,0,1,3,4,1,1,0,0,2,0,0,2,2,1,1,2,1,0,2,0,0.023141574473990706,1
465,1,44,2,0,3,2,1,1,1,0,1,1,2,2,0,0,1,2,1,0,2,0,0.032569623333764695,1
466,1,45,0,1,2,5,0,1,2,2,1,1,0,0,0,1,1,2,1,0,1,0,0.048854435000647047,1
467,1,44,0,0,3,5,0,1,1,0,1,1,1,3,2,0,0,1,1,0,1,0,0.023998669824879252,1
468,1,15,0,0,0,4,0,1,1,2,1,1,0,0,0,1,2,2,0,0,1,0,0.02228447912310216,0
469,0,28,0,0,2,1,1,1,2,2,1,1,2,0,2,1,1,0,1,0,0,0,0.03599800473731887,1
470,1,45,0,0,3,1,1,1,2,2,2,2,2,4,1,1,1,2,1,1,2,0,0.026569955877544883,1
471,1,45,0,0,2,5,0,1,2,2,2,2,2,2,0,1,1,2,1,2,2,0,0.04971153035153559,1
472,1,45,0,0,3,4,0,1,0,0,1,1,0,3,2,1,0,0,1,0,1,0,0.024855765175767795,0
473,0,44,0,0,3,5,0,1,2,2,1,2,0,0,2,1,1,1,1,0,1,1,0.033426718684653245,1
474,1,45,0,0,3,4,1,1,0,0,1,1,0,3,0,1,1,2,1,0,0,0,0.029141241930210518,0
475,1,45,0,0,3,5,0,1,2,1,2,2,0,0,0,0,0,0,1,0,0,0,0.048854435000647047,1
476,1,17,0,1,3,4,0,1,1,1,1,1,0,1,2,0,1,0,1,1,1,1,0.023141574473990706,1
477,1,17,2,1,1,2,1,1,0,0,0,0,0,0,1,0,2,2,0,2,0,0,0.01971319307043653,1
478,1,14,0,0,3,3,1,0,0,0,1,0,0,4,2,1,0,0,1,0,0,0,0.015427716315993803,0
479,0,45,0,0,3,1,0,1,0,1,1,1,0,0,0,1,1,2,1,0,0,0,0.02571286052665634,0
480,1,45,0,0,0,2,0,0,0,1,0,0,0,0,1,1,2,2,0,2,2,0,0.01971319307043653,0
481,1,45,0,0,3,5,0,1,2,2,2,2,2,2,2,0,0,0,1,2,0,0,0.03685510008820742,1
482,0,44,0,1,3,0,1,1,0,1,0,0,0,0,0,0,1,1,0,0,0,0,0.015427716315993803,1
483,1,45,0,0,2,4,0,1,2,2,1,1,0,0,0,1,1,0,1,0,0,0,0.024855765175767795,1
484,1,45,0,0,0,4,0,1,0,0,1,0,0,0,0,1,0,0,1,0,0,0,0.04114057684265014,0
485,1,17,0,0,3,2,0,0,1,2,0,1,0,2,0,1,1,1,1,2,1,1,0.03685510008820742,1
486,0,45,0,1,3,2,0,1,0,1,1,1,0,0,2,0,1,0,1,0,0,0,0.023998669824879252,1
487,1,45,2,1,1,0,1,1,1,2,1,1,2,4,1,1,2,2,1,1,2,0,0.02571286052665634,1
488,1,22,0,0,3,4,0,1,1,0,1,1,2,4,0,1,1,2,1,0,2,0,0.02228447912310216,0
489,1,23,0,0,0,4,0,0,1,0,1,1,0,0,0,0,1,1,1,1,1,0,0.028284146579321975,0
490,1,45,0,0,3,5,0,1,2,1,0,0,2,0,1,1,0,1,1,1,2,0,0.026569955877544883,0
491,1,45,0,0,2,1,0,0,0,1,1,1,0,0,1,1,1,1,1,1,0,0,0.02571286052665634,0
492,1,22,0,0,3,2,0,1,1,0,1,1,0,1,2,1,1,0,1,0,1,1,0.023141574473990706,0
493,0,45,2,1,3,0,1,1,1,0,0,0,0,0,1,1,1,1,1,1,0,1,0.02057028842132507,1
494,1,45,0,0,3,2,0,1,0,1,0,0,0,0,0,1,1,0,1,1,0,0,0.021427383772213617,0
495,0,45,0,1,1,5,0,1,2,1,0,1,0,0,0,1,1,1,1,1,2,1,0.01971319307043653,1
496,1,45,0,0,3,5,0,0,2,1,1,1,0,1,2,0,1,0,1,1,1,1,0.030855432631987607,1
497,0,45,2,1,1,0,1,1,0,1,1,1,2,1,2,1,1,0,1,0,1,1,0.021427383772213617,1
498,1,44,0,0,3,5,1,0,1,2,2,2,2,4,1,1,2,2,0,0,1,0,0.04628314894798141,1
499,1,28,0,0,2,4,0,1,0,1,0,0,0,2,1,1,1,1,1,0,2,0,0.029141241930210518,0
500,0,45,0,0,3,2,0,1,2,2,1,1,2,0,0,0,0,0,1,1,1,0,0.032569623333764695,1
501,1,21,2,1,3,5,0,1,1,0,1,1,1,0,2,0,1,0,1,0,1,1,0.03428381403554179,0
502,1,44,0,0,3,2,0,1,1,1,1,0,0,0,1,1,0,1,1,0,0,0,0.02742705122843343,0
503,1,17,0,0,0,5,0,0,0,1,0,2,0,0,1,1,2,2,1,2,0,0,0.021427383772213617,0
504,0,45,0,0,3,1,0,1,1,2,1,1,0,0,2,0,0,0,1,0,1,0,0.029998337281099064,1
505,1,45,0,0,3,5,0,1,2,2,2,2,0,0,0,1,1,0,1,1,2,0,0.03942638614087306,1
506,1,45,0,0,0,1,0,0,2,0,2,1,0,3,0,1,2,2,0,2,1,0,0.03599800473731887,0
507,1,44,0,1,3,4,1,1,2,0,1,1,0,0,1,1,2,2,0,0,2,0,0.02742705122843343,1
508,1,45,0,1,3,5,0,1,2,2,2,2,0,4,1,1,1,2,1,2,2,0,0.0402834814917616,1
509,1,45,0,0,3,5,0,1,2,1,2,0,2,0,1,1,1,2,1,0,2,0,0.018856097719547982,0
510,0,45,0,0,3,3,1,1,2,2,2,2,0,4,1,1,1,1,1,1,0,0,0.028284146579321975,1
511,0,45,0,0,3,4,0,1,1,0,1,1,1,2,0,1,1,0,1,1,2,0,0.021427383772213617,0
512,1,45,0,0,3,5,0,1,0,1,1,0,0,0,0,1,0,0,1,0,0,0,0.024855765175767795,0
513,1,45,0,0,0,2,0,1,2,2,2,2,2,4,1,1,2,2,1,1,2,0,0.033426718684653245,0
514,1,45,0,1,3,5,0,1,2,1,2,2,2,0,2,1,0,0,1,1,1,0,0.032569623333764695,1
515,1,45,0,0,3,4,1,1,0,0,1,0,0,0,0,1,1,0,1,1,0,0,0.03685510008820742,0
516,1,45,0,0,2,3,1,1,2,1,2,2,2,0,1,1,1,2,1,0,2,0,0.03942638614087306,1
517,0,45,0,1,3,5,0,0,2,2,2,2,2,4,0,1,2,2,1,1,1,1,0.032569623333764695,1
518,1,17,0,0,3,4,0,1,2,2,1,1,2,4,2,2,1,1,1,0,1,0,0.028284146579321975,1
519,1,44,0,1,1,2,0,1,1,2,1,1,2,4,0,0,2,2,1,1,1,0,0.029141241930210518,1
520,1,45,0,0,0,5,0,1,2,2,0,2,0,0,0,1,1,2,0,0,2,0,0.053139911755089766,0
521,0,45,0,0,3,5,0,0,0,1,0,0,2,0,0,0,1,1,1,1,0,0,0.01971319307043653,0
522,1,45,0,0,3,5,0,0,1,0,1,1,0,0,0,0,0,0,1,1,1,0,0.029998337281099064,0
523,1,4,0,1,2,2,1,1,0,1,0,0,0,0,0,2,0,0,1,1,0,1,0.021427383772213617,0
524,1,45,2,1,3,0,1,1,0,2,0,1,2,1,0,1,1,2,1,2,2,0,0.030855432631987607,1
525,0,45,0,1,2,3,1,1,2,2,2,2,2,4,0,0,1,1,1,1,2,0,0.03514090938643033,1
526,1,1,2,0,3,0,0,1,2,2,0,0,2,2,1,1,1,1,0,0,2,0,0.02057028842132507,0
527,1,29,0,0,3,2,1,1,1,2,2,1,1,1,2,2,0,0,1,1,0,1,0.04371186289531578,1
528,1,45,0,0,3,4,0,1,2,2,1,2,2,4,1,1,0,1,1,1,2,0,0.024855765175767795,1
529,0,7,2,1,3,1,1,1,0,1,0,0,0,0,0,0,1,2,1,1,2,0,0.026569955877544883,1
530,1,44,0,0,3,4,0,1,1,0,1,1,0,0,1,1,1,2,1,2,0,0,0.023141574473990706,0
531,1,0,0,0,2,1,0,1,2,2,2,2,0,2,1,1,2,2,2,2,1,0,0.026569955877544883,1
532,0,19,2,1,3,0,1,1,1,0,1,1,1,3,2,0,0,0,1,0,1,0,0.023141574473990706,0
533,1,41,0,0,2,4,0,1,0,0,1,0,0,4,1,1,1,2,0,0,2,0,0.01971319307043653,0
534,1,7,0,0,0,2,0,1,0,1,0,1,0,0,2,0,0,0,1,0,0,0,0.017999002368659436,0
535,0,0,0,1,3,4,0,1,1,2,1,1,1,1,2,1,1,1,1,1,1,0,0.023141574473990706,1
536,1,45,0,1,1,2,1,1,2,2,2,2,0,2,2,1,1,2,1,1,1,0,0.033426718684653245,1
537,1,45,0,1,0,5,0,1,0,0,1,0,0,0,0,1,0,0,1,1,1,0,0.02228447912310216,1
538,1,44,0,0,0,4,0,1,0,0,1,1,0,0,0,0,1,1,1,1,0,0,0.023141574473990706,0
539,0,45,0,1,3,3,0,1,2,2,1,0,0,0,1,1,1,1,1,1,1,1,0.018856097719547982,1
540,0,45,0,1,1,1,0,0,0,0,1,1,0,1,0,1,0,0,1,0,1,0,0.02228447912310216,1
541,0,45,0,1,2,1,0,1,2,2,1,1,2,2,1,1,2,2,1,1,2,0,0.026569955877544883,1
542,1,44,0,0,0,4,0,1,0,0,1,1,0,0,1,1,2,2,2,2,2,0,0.02742705122843343,0
543,0,45,0,1,1,1,1,1,2,0,1,0,0,0,2,2,1,1,1,1,1,1,0.023998669824879252,1
544,2,44,0,1,2,1,0,1,1,1,1,1,2,1,2,2,1,1,2,1,1,1,0.023998669824879252,1
545,0,44,0,0,3,4,0,1,0,1,1,1,0,4,0,1,0,1,1,2,2,0,0.01971319307043653,0
546,1,44,0,0,0,2,1,1,0,1,0,0,0,4,1,1,2,2,0,0,2,0,0.02571286052665634,0
547,1,45,0,1,3,5,0,1,2,0,1,2,0,1,2,1,1,2,1,2,1,0,0.030855432631987607,1
548,1,45,0,1,3,5,0,1,2,2,2,2,2,0,1,1,1,2,1,0,2,0,0.017999002368659436,0
549,1,17,0,0,1,2,0,1,1,0,0,1,0,2,0,1,1,1,0,2,0,0,0.02571286052665634,0
550,0,45,0,1,3,3,0,0,0,1,1,1,0,0,0,1,1,1,1,0,0,0,0.021427383772213617,0
551,1,29,0,0,3,4,0,1,1,0,1,1,0,4,1,1,1,2,0,2,0,0,0.02742705122843343,1
552,0,7,0,0,3,0,0,1,1,0,1,1,0,0,0,1,1,1,1,1,2,0,0.024855765175767795,1
553,3,44,0,0,3,2,0,1,1,2,2,1,2,2,0,1,1,1,1,1,2,0,0.017999002368659436,1
554,0,29,0,1,2,1,1,1,1,0,1,1,0,2,0,0,1,1,1,2,0,0,0.023141574473990706,1
555,0,7,0,0,1,5,0,0,0,1,0,0,0,0,0,1,1,1,1,1,0,0,0.02742705122843343,1
556,1,0,0,0,3,5,0,1,2,2,2,2,2,4,1,1,1,2,1,0,2,0,0.029141241930210518,0
557,1,45,0,0,3,2,0,1,0,0,0,0,0,0,2,1,1,0,1,0,0,0,0.028284146579321975,0
558,1,28,0,1,3,4,1,1,1,1,1,0,0,2,1,1,1,2,0,2,2,0,0.018856097719547982,1
559,1,45,0,0,3,5,0,1,0,1,0,0,0,0,0,0,1,1,1,1,2,0,0.02057028842132507,0
560,1,45,2,0,3,4,1,0,1,0,1,1,0,4,0,1,1,0,1,1,2,0,0.0557111978077554,0
561,1,45,0,1,3,1,1,1,0,0,1,0,0,0,1,1,1,0,1,1,2,0,0.023141574473990706,1
562,1,0,0,0,0,5,0,1,0,1,0,0,2,4,1,1,1,2,0,2,2,0,0.028284146579321975,0
563,1,45,0,0,2,2,0,1,0,1,1,0,0,0,1,1,1,1,1,1,0,0,0.030855432631987607,1
564,1,7,0,0,0,2,0,1,1,0,1,1,0,1,1,1,1,1,1,1,1,0,0.03428381403554179,0
565,1,45,0,0,3,5,0,1,2,2,1,1,2,1,0,1,1,0,1,0,1,0,0.023998669824879252,1
566,1,45,0,0,3,3,0,1,2,1,2,0,2,0,2,0,2,2,1,0,0,0,0.033426718684653245,1
567,1,45,0,0,3,5,0,1,2,0,1,2,0,2,1,1,2,1,0,2,0,0,0.02742705122843343,1
568,1,45,0,1,3,5,0,1,2,1,0,0,0,2,0,1,0,1,1,2,1,0,0.026569955877544883,0
569,1,45,0,1,3,1,0,1,0,0,1,1,0,0,0,0,1,0,1,1,0,0,0.032569623333764695,1
570,1,45,0,1,2,0,0,1,1,2,1,1,0,0,0,1,1,2,1,1,2,0,0.01971319307043653,1
571,1,45,0,0,1,5,0,1,2,2,2,2,2,2,0,0,2,2,0,0,0,0,0.03599800473731887,1
572,0,45,0,0,3,3,0,1,0,1,0,2,0,0,1,1,1,2,1,1,2,0,0.023141574473990706,0
573,0,45,0,1,3,2,0,1,2,2,1,1,2,1,1,1,2,2,1,1,1,1,0.02228447912310216,1
574,1,45,0,0,0,2,1,1,1,2,1,1,0,0,1,1,0,0,1,0,1,0,0.042854767544427234,0
575,1,45,0,1,0,2,0,1,0,0,1,0,0,2,1,1,2,2,1,1,2,0,0.03171252798287615,0
576,1,45,0,0,3,2,0,1,0,0,0,1,0,0,1,1,2,2,1,0,0,0,0.01971319307043653,0
577,1,45,0,1,3,4,1,1,0,1,1,1,2,4,1,1,1,2,1,1,2,0,0.028284146579321975,0
578,1,7,2,0,0,2,1,1,2,2,1,1,2,3,2,1,1,0,1,2,1,0,0.024855765175767795,0
579,1,45,0,1,3,2,1,0,2,0,1,1,0,0,0,1,1,1,1,0,0,0,0.029141241930210518,1
580,1,45,0,1,1,5,0,1,2,0,1,1,0,0,0,0,1,1,1,1,0,1,0.03514090938643033,1
581,1,45,0,1,3,1,1,1,0,0,1,0,0,0,1,1,1,2,0,0,0,0,0.042854767544427234,0
582,1,7,0,0,0,5,0,0,2,1,2,2,2,1,0,1,1,0,1,0,0,1,0.024855765175767795,1
583,1,45,0,0,0,4,0,1,1,2,1,1,2,4,1,1,1,2,0,0,2,0,0.029998337281099064,0
584,1,37,0,0,3,0,1,1,1,0,1,1,2,0,2,1,1,2,1,1,1,0,0.023141574473990706,0
585,0,45,0,0,0,2,0,0,0,1,1,1,0,2,0,0,2,2,0,0,0,0,0.03428381403554179,0
586,1,0,0,0,1,1,1,1,1,0,1,1,0,0,0,1,1,0,1,0,1,1,0.023141574473990706,1
587,0,45,0,0,0,2,0,1,2,2,2,1,2,0,0,1,1,1,1,0,0,1,0.024855765175767795,0
588,1,45,0,1,3,4,0,1,1,0,1,1,0,2,0,1,2,2,1,0,0,0,0.026569955877544883,1
589,1,45,0,0,3,4,0,1,1,2,1,1,0,2,1,1,2,2,1,0,0,0,0.03685510008820742,1
590,1,45,0,1,3,2,1,1,2,2,1,1,0,0,0,1,1,1,1,2,0,1,0.029141241930210518,1
591,1,45,0,1,3,2,0,1,0,0,1,1,1,1,2,1,1,1,1,0,0,0,0.024855765175767795,1
592,1,7,0,1,3,0,0,1,1,0,1,1,0,0,0,0,1,0,1,0,0,0,0.016284811666882348,1
593,1,45,0,1,3,5,0,1,2,1,2,2,0,0,0,1,1,1,1,1,1,0,0.03514090938643033,1
594,1,45,0,1,0,1,0,1,2,2,2,2,0,0,1,1,1,2,1,0,2,0,0.024855765175767795,0
595,1,45,0,0,2,1,0,1,2,1,0,0,0,0,1,1,1,1,1,1,2,0,0.01971319307043653,0
596,0,45,0,1,3,1,0,1,2,1,1,1,0,1,2,0,0,0,1,1,1,1,0.02057028842132507,1
597,1,45,0,0,3,2,1,1,0,0,1,0,0,0,2,1,0,0,1,0,0,0,0.026569955877544883,0
598,1,45,0,0,3,3,1,1,0,1,0,0,0,0,1,1,2,2,1,1,2,0,0.03685510008820742,0
599,1,45,0,1,2,1,0,1,1,0,1,0,0,1,2,2,1,0,1,1,1,1,0.026569955877544883,1
600,1,45,0,1,1,1,0,1,2,2,2,2,0,0,1,1,1,2,1,1,0,0,0.024855765175767795,0
601,1,45,2,1,3,4,1,1,1,0,2,2,0,4,1,1,2,2,1,0,2,0,0.029998337281099064,0
602,1,45,0,1,3,1,0,0,2,1,1,1,2,1,2,2,0,0,1,1,1,0,0.028284146579321975,1
603,0,45,2,1,1,0,1,0,1,2,1,2,2,1,1,1,2,2,1,1,2,0,0.02571286052665634,1
604,1,45,0,0,3,5,0,1,2,1,0,0,2,0,0,0,0,0,1,0,1,0,0.023141574473990706,0
605,1,45,0,0,3,1,0,1,1,2,1,1,0,0,0,0,1,1,1,1,1,0,0.02742705122843343,0
606,1,45,0,0,3,0,1,1,0,0,1,0,0,0,2,0,1,1,1,0,0,0,0.042854767544427234,0
607,1,45,0,0,0,2,0,0,0,1,1,1,0,0,0,2,1,0,1,0,1,0,0.02057028842132507,0
608,1,45,0,0,3,2,0,1,0,0,1,1,0,0,1,1,2,2,1,0,2,0,0.023141574473990706,0
609,1,0,0,0,0,0,1,1,1,0,1,1,0,0,2,1,0,0,1,0,0,0,0.023141574473990706,0
610,1,45,0,0,3,4,0,1,1,2,1,1,2,2,1,1,1,2,0,0,2,0,0.02742705122843343,1
611,1,45,2,0,2,4,1,0,1,2,1,1,0,4,1,1,1,2,0,0,2,0,0.03599800473731887,0
612,1,45,0,0,1,5,0,0,0,0,1,1,0,0,0,1,1,0,1,1,1,0,0.03171252798287615,0
613,1,37,0,0,3,2,0,1,0,1,1,1,0,2,0,1,1,0,1,2,1,1,0.02571286052665634,0
614,1,45,0,0,2,5,0,1,2,0,1,1,0,4,2,0,1,0,1,1,0,0,0.024855765175767795,0
615,1,45,2,0,1,4,1,1,1,1,1,2,0,1,1,1,2,2,1,0,2,0,0.02571286052665634,1
616,1,45,0,0,0,2,0,1,2,0,2,0,0,0,1,1,1,1,0,0,2,0,0.029998337281099064,0
617,1,45,0,1,2,1,1,0,2,2,1,1,2,3,2,1,1,0,1,0,1,0,0.029998337281099064,1
618,1,28,0,1,1,2,1,1,1,1,1,0,0,0,0,0,1,1,0,0,0,0,0.032569623333764695,0
619,1,44,0,1,3,1,0,1,2,2,1,1,2,4,1,1,1,2,0,2,2,0,0.018856097719547982,1
620,1,17,0,1,3,1,0,1,0,0,1,1,0,2,1,1,1,1,1,0,0,0,0.02057028842132507,0
621,1,28,2,0,0,0,0,1,0,1,1,1,0,0,1,0,1,2,0,2,1,1,0.018856097719547982,0
622,0,45,0,0,1,2,1,1,2,2,1,1,0,4,0,1,1,1,1,2,0,0,0.026569955877544883,1
623,0,45,0,1,3,5,0,1,2,2,2,2,2,2,2,0,0,0,1,1,0,0,0.01971319307043653,1
624,0,45,0,1,3,1,0,1,0,0,1,1,0,0,1,1,1,1,1,1,0,0,0.026569955877544883,1
625,0,45,0,1,2,3,0,1,2,2,2,2,0,1,0,1,0,1,1,1,1,0,0.023998669824879252,1
626,1,7,0,1,3,1,0,0,2,2,1,1,0,1,2,0,1,1,1,0,1,0,0.03171252798287615,1
627,1,45,2,1,3,4,0,1,1,2,1,1,2,2,1,1,1,1,1,1,1,0,0.029141241930210518,1
628,1,7,0,0,3,2,1,1,1,2,1,1,2,3,2,0,1,0,1,0,1,1,0.02742705122843343,0
629,1,45,0,1,3,2,1,1,2,1,1,0,0,0,2,1,1,1,1,1,0,1,0.023998669824879252,1
630,0,44,0,0,3,1,0,1,1,0,1,1,0,0,0,1,0,1,1,0,0,0,0.02057028842132507,1
631,1,45,0,1,2,4,0,1,2,2,1,1,0,0,2,0,1,1,1,1,0,0,0.047997339649758504,1
632,1,17,0,0,3,4,1,1,1,0,1,1,1,4,1,1,2,2,0,0,2,0,0.026569955877544883,0
633,0,45,0,0,3,1,1,1,2,2,1,0,0,2,0,1,1,2,1,1,2,0,0.029141241930210518,1
634,1,17,0,0,2,1,0,0,0,0,2,0,0,4,1,1,1,2,1,1,2,0,0.029998337281099064,1
635,1,17,0,0,0,2,0,1,1,0,1,1,0,2,1,1,1,1,2,2,0,0,0.023998669824879252,0
636,1,33,2,1,1,4,0,1,1,0,1,1,0,2,1,1,1,2,0,0,2,1,0.030855432631987607,1
637,1,44,0,0,1,2,0,1,1,0,1,1,2,2,1,1,1,2,1,0,2,0,0.02571286052665634,1
638,1,45,2,0,3,0,1,1,2,1,1,1,2,4,1,1,1,2,1,1,2,0,0.029998337281099064,0
639,1,24,2,1,3,0,1,1,1,2,2,1,0,1,2,2,0,0,1,1,1,1,0.041997672193538685,1
640,1,17,0,0,3,2,0,1,2,2,1,1,2,4,1,1,1,2,0,0,2,0,0.030855432631987607,0
641,1,17,0,0,3,2,0,1,1,0,1,1,0,4,0,1,1,1,1,1,0,0,0.029998337281099064,0
642,0,0,0,1,3,5,0,0,2,2,2,2,1,1,2,1,1,1,1,1,1,1,0.024855765175767795,1
643,1,45,0,0,0,2,0,1,2,2,1,2,2,1,2,0,0,0,1,0,0,1,0.048854435000647047,0
644,0,3,0,1,2,1,0,0,2,0,1,1,1,0,0,1,1,0,1,1,0,1,0.026569955877544883,1
645,1,21,2,0,0,4,0,1,1,0,1,1,0,0,2,0,0,0,1,0,0,0,0.03171252798287615,0
646,1,21,0,1,3,2,0,1,1,0,1,1,0,0,0,1,1,1,1,0,1,0,0.021427383772213617,1
647,1,0,0,0,3,2,0,1,1,0,1,1,0,4,1,1,1,1,1,1,0,0,0.02571286052665634,0
648,0,0,0,1,3,1,0,0,1,2,2,2,0,2,1,1,2,2,1,1,0,0,0.02228447912310216,0
649,0,28,0,0,1,4,0,1,1,0,1,1,0,0,1,1,0,1,1,2,0,0,0.018856097719547982,0
650,1,45,0,0,2,5,1,0,0,0,2,2,0,0,1,1,1,1,1,0,0,0,0.033426718684653245,0
651,1,44,0,1,0,1,0,1,0,1,0,0,0,0,0,0,0,0,1,1,1,0,0.024855765175767795,1
652,1,44,2,1,3,0,1,1,0,1,1,1,0,4,1,1,1,2,2,2,0,1,0.04628314894798141,1
653,0,0,0,1,0,3,0,0,0,0,2,2,0,0,2,0,0,0,1,1,0,1,0.029141241930210518,0
654,1,45,0,0,0,3,0,0,2,1,2,2,0,4,0,1,0,0,1,1,2,0,0.02742705122843343,1
655,1,30,0,0,3,4,0,1,1,0,1,1,0,0,0,1,2,2,1,2,0,0,0.021427383772213617,0
656,1,33,0,0,2,0,0,1,1,0,1,1,1,1,1,0,1,0,1,1,2,0,0.024855765175767795,0
657,1,17,2,0,0,0,1,1,1,0,1,1,0,0,1,1,1,2,1,0,0,0,0.02742705122843343,0
658,1,44,0,1,3,5,0,1,2,2,1,0,2,0,0,1,1,2,1,2,2,0,0.02571286052665634,1
659,1,17,0,0,3,4,0,1,0,0,1,0,0,2,1,1,1,2,0,0,0,0,0.026569955877544883,0
660,0,42,0,0,2,5,0,1,2,2,2,2,2,2,1,1,1,1,1,0,2,0,0.017141907017770894,0
661,1,44,0,0,0,0,0,1,0,0,1,0,0,0,1,1,1,2,0,0,0,0,0.023141574473990706,0
662,1,45,0,0,0,5,0,1,0,1,0,0,0,0,0,0,1,1,1,1,0,0,0.02742705122843343,0
663,1,21,2,0,0,0,1,1,1,0,1,1,0,1,0,1,1,2,0,0,2,0,0.02228447912310216,0
664,1,23,0,0,3,5,0,0,0,0,1,1,2,4,1,1,1,1,1,1,0,0,0.02571286052665634,0
665,1,21,0,0,3,2,1,1,1,0,0,1,0,3,0,0,1,0,1,1,1,0,0.02571286052665634,1
666,1,20,2,0,3,0,1,1,0,0,0,0,0,4,0,0,1,1,0,0,2,1,0.018856097719547982,0
667,1,21,0,0,3,5,0,1,0,1,0,0,0,0,1,1,0,0,1,1,0,0,0.02057028842132507,0
668,1,28,0,0,0,2,0,1,1,0,1,1,0,0,0,0,0,0,1,1,0,0,0.02228447912310216,0
669,1,15,0,0,3,1,0,1,0,0,1,1,0,0,1,1,1,2,0,0,0,0,0.03685510008820742,0
670,1,36,0,0,0,2,0,1,1,1,1,0,0,1,1,1,1,0,1,0,0,0,0.02228447912310216,0
671,1,45,0,1,3,4,0,1,0,1,1,0,0,0,0,1,0,0,1,0,0,0,0.01971319307043653,0
672,1,7,0,0,3,1,1,1,2,1,0,2,0,2,1,1,1,1,1,1,2,0,0.02228447912310216,0
673,0,22,0,1,0,1,0,1,0,0,0,0,0,0,0,1,1,0,1,1,2,0,0.02228447912310216,0
674,1,7,0,1,3,2,0,1,0,0,1,1,0,0,0,0,1,1,1,1,1,0,0.029998337281099064,0
675,1,45,0,0,3,2,1,0,0,1,1,0,0,0,1,1,1,2,1,0,0,0,0.023998669824879252,1
676,1,20,0,0,3,2,0,1,1,0,1,1,0,0,0,0,1,2,0,0,0,0,0.018856097719547982,0
677,0,45,0,1,2,4,0,1,0,0,1,1,0,0,2,1,0,0,1,1,0,0,0.024855765175767795,1
678,1,17,2,0,3,0,0,1,1,2,1,1,2,4,1,1,2,2,2,2,2,0,0.024855765175767795,0
679,1,45,0,0,1,0,1,1,2,1,1,2,0,4,1,1,2,2,1,0,2,0,0.03856929078998451,1
680,1,6,0,0,2,2,1,1,1,0,1,1,0,2,0,1,1,1,1,0,0,1,0.028284146579321975,1
681,1,45,0,0,3,5,0,0,2,2,2,2,0,0,1,1,1,2,1,1,0,0,0.032569623333764695,1
682,2,45,0,1,1,2,0,0,0,1,1,1,0,1,0,0,0,0,1,0,1,0,0.016284811666882348,1
683,0,7,0,0,2,5,1,0,2,2,2,0,2,2,1,1,0,2,1,0,0,0,0.024855765175767795,1
684,0,44,0,0,3,4,0,1,1,0,1,1,0,0,2,0,1,0,1,1,0,0,0.017999002368659436,0
685,0,20,0,1,3,5,0,1,0,1,1,0,0,0,2,0,0,0,1,1,0,0,0.01971319307043653,1
686,0,45,0,1,2,5,0,1,2,2,2,2,2,2,1,1,1,2,1,1,2,0,0.028284146579321975,1
687,1,45,0,1,3,1,0,1,2,1,2,2,2,2,0,0,1,2,1,1,2,0,0.041997672193538685,1
688,1,45,0,0,3,2,1,1,0,0,1,1,0,0,0,1,1,0,1,1,0,0,0.023998669824879252,0
689,0,44,0,0,3,4,1,1,0,1,2,0,2,4,1,1,2,2,0,0,2,0,0.023141574473990706,1
690,1,7,0,0,3,4,0,1,2,0,1,1,0,2,0,0,1,1,1,1,0,0,0.01971319307043653,1
691,1,28,0,0,0,0,1,1,1,0,1,1,2,2,1,1,2,2,1,0,2,0,0.024855765175767795,0
692,1,17,0,0,3,2,0,1,0,0,1,0,2,2,1,1,1,0,0,0,0,0,0.02571286052665634,0
693,0,7,0,0,3,5,0,1,2,1,0,0,0,2,1,1,1,2,1,1,0,0,0.023998669824879252,0
694,1,44,0,0,3,4,0,1,1,0,1,1,0,0,2,1,0,0,1,2,1,0,0.02742705122843343,0
695,1,44,0,0,3,2,0,0,2,2,1,1,2,4,1,1,0,2,1,1,2,0,0.02742705122843343,1
696,1,15,0,0,3,1,0,1,1,0,1,1,0,2,0,0,1,1,1,0,1,0,0.03171252798287615,0
697,0,45,0,0,3,5,1,0,1,2,1,1,0,3,2,0,0,0,1,0,1,0,0.033426718684653245,0
698,1,15,0,0,3,3,0,1,0,0,1,0,0,0,0,0,1,0,1,1,2,0,0.026569955877544883,0
699,1,45,0,0,3,4,0,1,1,0,1,0,0,1,0,0,1,0,1,1,0,0,0.024855765175767795,0
700,1,45,0,0,3,1,0,0,2,0,1,0,0,0,0,1,1,2,1,1,0,0,0.02571286052665634,0
701,1,45,2,1,2,0,1,1,1,2,2,2,1,3,1,1,2,2,1,1,2,1,0.028284146579321975,1
702,1,45,0,1,3,1,0,1,2,2,0,0,2,0,0,1,2,2,1,1,0,0,0.03171252798287615,1
703,1,45,0,0,1,2,0,0,2,2,2,1,2,2,1,1,1,2,1,0,2,0,0.01971319307043653,1
704,1,45,0,1,3,2,0,0,2,1,1,2,0,2,2,1,0,0,1,1,1,0,0.03685510008820742,1
705,1,44,0,0,2,1,0,1,0,0,1,1,0,0,0,1,2,2,1,0,1,1,0.02742705122843343,1
706,1,45,0,0,0,2,0,1,0,1,1,1,0,0,2,2,1,0,1,1,1,0,0.02228447912310216,0
707,1,45,2,0,3,0,1,1,0,1,0,0,0,4,1,1,2,2,2,2,0,0,0.02742705122843343,1
708,0,45,0,0,3,2,1,1,0,1,1,0,0,0,2,1,1,0,1,1,0,0,0.03171252798287615,0
709,1,45,0,0,1,2,0,1,2,2,1,1,2,4,1,1,2,2,0,0,2,0,0.024855765175767795,1
710,1,44,0,0,3,4,0,1,1,0,1,1,0,2,0,0,1,2,1,0,0,0,0.029141241930210518,0
711,1,15,0,0,3,4,0,1,0,1,0,0,0,0,1,1,2,2,1,1,2,0,0.023141574473990706,0
712,1,45,0,1,0,1,0,1,0,0,1,0,0,4,1,1,1,2,1,0,0,0,0.02571286052665634,0
713,1,45,0,0,0,4,0,1,2,2,1,2,2,0,0,1,1,1,1,1,1,0,0.024855765175767795,0
714,1,45,2,1,3,0,1,1,2,2,0,0,0,3,2,0,1,0,1,1,1,0,0.02742705122843343,1
715,1,44,0,0,3,2,0,0,1,0,1,1,0,1,2,1,0,0,1,0,0,0,0.026569955877544883,1
716,1,17,0,0,3,3,0,1,2,2,0,2,2,2,0,0,1,2,2,2,2,0,0.021427383772213617,0
717,1,45,2,0,3,4,1,1,2,2,2,1,2,2,1,1,2,2,0,0,2,0,0.03171252798287615,0
718,1,28,0,1,3,4,0,1,1,0,1,1,0,4,1,1,1,2,1,0,2,0,0.024855765175767795,0
719,1,45,0,0,3,2,0,1,2,1,1,0,0,0,1,1,2,2,1,1,0,0,0.023141574473990706,0
720,1,44,0,0,3,4,0,1,0,0,1,1,0,0,0,1,1,1,1,0,0,0,0.028284146579321975,0
721,1,7,0,1,3,5,0,0,0,0,1,1,1,3,2,1,1,0,1,2,1,1,0.02571286052665634,1
722,1,7,0,0,3,0,1,1,1,2,1,1,0,1,0,0,2,2,1,0,0,0,0.024855765175767795,0
723,1,45,0,1,0,4,1,1,0,0,2,0,0,0,2,1,1,2,1,1,1,0,0.021427383772213617,1
724,1,45,0,1,3,0,0,0,1,2,1,1,0,0,1,1,1,2,0,0,0,0,0.028284146579321975,1
725,1,39,0,0,0,1,1,1,1,0,1,1,1,0,1,1,1,1,1,0,1,0,0.026569955877544883,0
726,1,17,0,0,2,4,1,1,0,0,1,1,0,4,0,0,1,1,1,0,1,0,0.017999002368659436,0
727,1,42,0,1,3,2,0,1,0,0,1,1,1,3,2,2,0,0,1,1,1,0,0.02571286052665634,1
728,1,45,0,0,3,5,0,0,0,1,0,0,0,0,1,1,2,2,1,1,1,0,0.024855765175767795,0
729,1,11,2,0,3,0,1,1,1,0,1,1,2,3,2,1,2,0,1,0,1,1,0.03685510008820742,1
730,1,44,0,0,1,4,0,1,1,0,1,1,0,0,2,1,2,2,0,2,1,0,0.03171252798287615,1
731,1,15,0,0,3,2,0,1,1,0,2,1,0,0,0,1,2,1,1,1,0,0,0.02057028842132507,0
732,1,45,0,0,3,4,1,1,0,1,1,1,0,4,1,1,2,2,1,1,0,0,0.024855765175767795,0
733,1,45,0,0,3,2,0,0,2,2,2,2,2,0,1,1,2,2,1,1,0,0,0.026569955877544883,0
734,1,45,0,0,3,1,0,1,0,1,1,1,0,2,1,1,2,2,1,1,2,0,0.026569955877544883,0
735,1,44,2,0,0,1,0,0,1,1,1,1,0,4,1,1,2,1,1,2,1,0,0.028284146579321975,0
736,1,45,0,0,3,5,0,0,2,2,0,2,2,0,1,1,1,2,1,0,0,0,0.03685510008820742,0
737,1,44,0,0,3,2,0,1,0,1,1,1,0,0,0,1,1,0,1,0,0,0,0.028284146579321975,1
738,1,44,0,0,3,4,0,1,1,0,1,2,2,0,0,1,2,1,1,2,2,0,0.023141574473990706,0
739,1,45,0,1,3,5,1,0,0,0,0,0,0,0,2,0,0,0,1,0,0,0,0.030855432631987607,1
740,1,0,0,1,3,2,0,1,1,2,1,1,2,4,1,1,1,2,1,0,2,1,0.03171252798287615,1
741,1,3,0,0,3,4,0,1,1,2,1,1,0,3,2,0,0,0,1,1,1,0,0.02742705122843343,0
742,1,44,0,0,3,1,0,1,1,0,1,1,0,4,1,1,0,1,1,2,2,0,0.033426718684653245,1
743,1,45,0,1,3,2,0,1,2,2,1,0,0,2,0,1,1,2,0,2,0,0,0.026569955877544883,1
744,1,45,0,0,3,1,1,1,2,2,1,1,0,3,0,0,1,1,0,0,0,0,0.030855432631987607,1
745,1,45,2,0,3,2,1,1,0,1,0,0,0,0,1,1,1,1,1,2,0,0,0.02571286052665634,1
746,1,7,0,0,3,4,0,1,2,1,1,0,2,4,1,1,1,2,0,0,2,0,0.023998669824879252,0
747,1,23,0,0,3,4,0,1,1,0,1,1,1,1,0,1,1,0,0,0,1,0,0.02742705122843343,0
748,1,45,0,1,2,4,0,1,2,2,2,2,2,4,1,1,1,2,1,1,2,0,0.029998337281099064,1
749,1,7,0,0,3,2,0,1,0,1,1,1,0,1,1,1,1,2,1,2,0,0,0.016284811666882348,1
750,1,31,0,1,3,2,0,1,2,2,1,1,0,4,1,1,1,2,1,1,0,0,0.028284146579321975,0
751,1,17,0,0,3,5,1,1,0,1,2,2,2,4,1,1,1,0,1,0,2,0,0.03599800473731887,0
752,1,45,0,1,3,1,0,1,0,1,0,0,0,0,0,1,1,1,1,1,0,0,0.03171252798287615,1
753,1,43,2,0,0,4,0,1,1,0,1,1,2,4,1,1,1,2,0,0,2,0,0.03428381403554179,0
754,1,45,0,0,0,5,0,1,2,2,2,2,2,4,1,1,1,2,1,1,2,0,0.030855432631987607,0
755,0,45,0,1,3,2,1,0,0,0,1,0,0,0,0,1,1,2,1,0,0,0,0.024855765175767795,1
756,0,45,0,1,3,2,0,0,2,1,1,0,0,0,0,1,0,0,1,1,0,0,0.032569623333764695,1
757,1,45,0,1,3,5,0,1,2,0,2,0,0,1,2,0,0,0,1,0,1,0,0.02228447912310216,1
758,1,17,0,0,2,2,0,1,1,0,1,1,2,2,0,0,0,1,0,0,2,0,0.029141241930210518,0
759,1,45,0,0,1,5,0,0,1,2,1,1,1,0,2,1,1,1,1,2,1,1,0.017999002368659436,1
760,1,7,2,1,3,0,1,1,1,2,1,1,2,2,1,1,0,0,1,1,2,0,0.026569955877544883,0
761,0,45,0,1,2,2,0,0,2,2,2,2,0,0,0,0,2,1,1,0,2,0,0.03171252798287615,1
762,1,21,0,1,3,0,0,1,1,0,1,1,0,4,1,1,2,2,0,0,2,0,0.03171252798287615,1
763,1,21,0,1,3,0,0,1,1,0,1,1,1,3,2,2,0,0,1,1,1,0,0.032569623333764695,1
764,0,45,0,0,3,1,0,1,0,1,2,0,0,2,2,1,1,0,1,0,1,0,0.023141574473990706,1
765,1,28,2,0,3,4,0,1,1,0,2,1,2,2,1,1,1,2,0,0,2,0,0.033426718684653245,0
766,0,45,2,1,3,0,0,1,2,2,2,2,2,2,0,2,1,0,1,1,1,0,0.028284146579321975,1
767,1,44,0,0,0,2,0,1,0,1,1,0,0,2,1,1,1,0,2,2,0,0,0.023141574473990706,0
768,0,45,0,0,0,4,1,1,2,0,1,1,0,0,0,0,1,1,1,1,1,0,0.030855432631987607,1
769,1,44,0,0,0,2,0,1,0,1,1,1,0,2,1,1,1,2,0,2,0,0,0.023998669824879252,0
770,1,44,0,0,3,3,0,0,0,0,1,1,0,0,0,0,1,1,1,1,0,0,0.033426718684653245,1
771,1,45,2,1,3,0,1,1,1,2,1,1,2,4,0,0,2,2,1,1,2,0,0.028284146579321975,1
772,1,44,0,0,3,5,0,0,0,1,1,0,0,0,0,1,1,1,1,2,0,0,0.02742705122843343,0
773,1,44,0,0,3,5,0,0,0,1,1,0,0,0,1,1,1,1,2,2,1,0,0.023998669824879252,0
774,1,44,0,1,2,4,0,1,1,0,1,1,2,2,2,1,1,2,1,0,1,1,0.03171252798287615,1
775,1,7,0,0,3,1,0,0,2,2,2,2,2,4,2,1,1,2,1,0,1,1,0.033426718684653245,1
776,1,45,0,0,3,4,1,1,0,0,1,0,0,0,0,1,0,0,1,0,1,0,0.03685510008820742,0
777,2,44,0,0,3,5,0,0,0,0,2,2,0,0,1,1,2,1,2,2,2,1,0.02742705122843343,1
778,0,45,0,0,3,5,0,1,0,1,1,2,0,0,0,1,1,2,1,1,0,0,0.023141574473990706,0
779,0,44,0,0,3,4,0,1,0,0,1,1,0,0,1,1,2,2,0,0,0,0,0.026569955877544883,0
780,1,44,0,0,0,2,0,1,0,0,1,0,0,0,1,1,2,2,2,2,0,0,0.03685510008820742,1
781,1,45,0,0,3,4,1,1,1,2,1,1,2,1,1,1,2,2,2,2,0,0,0.028284146579321975,1
782,1,44,0,1,3,5,0,1,0,1,0,0,2,4,1,1,1,2,1,0,2,0,0.029141241930210518,1
783,1,45,2,0,3,0,0,1,0,0,1,1,0,0,1,1,2,2,1,0,0,0,0.028284146579321975,0
784,1,45,0,0,3,4,0,1,0,0,1,1,0,0,1,1,1,2,1,1,0,0,0.021427383772213617,0
785,1,45,0,1,3,5,0,0,2,2,2,2,2,0,0,1,1,1,1,1,1,1,0.021427383772213617,1
786,1,44,2,1,3,0,0,1,1,2,1,1,2,2,1,1,0,2,1,0,1,0,0.02742705122843343,0
787,1,45,0,1,3,2,0,1,2,2,0,0,2,0,0,1,1,1,1,0,0,0,0.021427383772213617,1
788,1,28,0,0,3,1,1,0,0,0,0,0,0,2,0,1,2,2,1,1,0,0,0.03171252798287615,0
789,1,42,0,0,0,5,0,1,2,2,2,2,2,2,1,1,1,1,1,0,2,0,0.033426718684653245,1
790,1,44,0,0,2,1,0,1,0,1,1,1,0,2,1,1,1,2,1,0,0,1,0.024855765175767795,0
791,1,45,0,0,3,5,0,1,2,2,0,0,0,0,0,0,1,1,1,1,0,0,0.028284146579321975,1
792,0,45,0,0,1,4,1,1,0,1,1,1,2,1,2,1,1,1,1,2,1,1,0.03171252798287615,1
793,0,45,0,0,3,1,0,0,2,0,1,1,2,3,2,0,0,1,1,2,1,1,0.029998337281099064,1
794,0,45,0,1,3,5,0,1,0,1,0,0,0,3,2,0,1,1,1,0,1,1,0.018856097719547982,1
795,1,45,0,0,0,2,0,1,2,2,1,1,0,2,0,1,1,2,1,0,1,1,0.032569623333764695,0
796,0,45,0,1,1,1,0,1,2,0,1,0,0,0,2,1,1,2,1,1,0,0,0.02742705122843343,1
797,1,5,0,0,3,2,0,1,0,0,1,1,0,0,0,1,1,2,0,2,1,1,0.023998669824879252,0
798,1,42,0,1,3,2,0,1,1,0,1,1,0,0,0,1,1,2,1,2,1,0,0.023141574473990706,0
799,0,45,0,0,3,1,1,1,0,0,0,0,0,4,0,1,1,0,1,0,2,0,0.029998337281099064,1
800,1,45,0,0,0,1,0,0,2,2,2,1,2,4,2,0,2,2,1,0,0,0,0.024855765175767795,0
801,1,45,0,1,3,4,0,1,1,2,1,1,0,4,1,1,1,2,0,0,2,0,0.01971319307043653,1
802,1,45,0,0,3,2,1,1,2,0,1,1,0,0,2,0,0,0,1,1,0,0,0.033426718684653245,0
803,0,45,0,0,3,5,0,1,2,2,2,2,2,4,1,1,1,0,1,1,2,0,0.02571286052665634,0
804,1,44,0,0,3,2,0,1,0,1,1,0,0,2,0,0,1,1,0,0,0,0,0.02742705122843343,0
805,2,45,0,0,3,2,0,1,1,2,1,1,0,1,2,0,1,1,1,1,1,1,0.023998669824879252,1
806,0,45,0,1,3,1,0,0,2,2,2,2,2,0,0,1,1,2,1,1,0,1,0.03428381403554179,1
807,0,45,0,1,3,4,0,1,0,0,1,0,0,0,1,1,0,1,1,0,2,0,0.030855432631987607,0
808,1,45,0,0,3,2,1,1,0,1,1,0,0,4,1,1,2,2,0,0,2,0,0.023141574473990706,0
809,1,45,0,1,3,5,0,1,2,2,1,2,0,0,0,1,1,1,1,0,1,0,0.03514090938643033,0
810,1,44,0,0,0,4,0,1,0,0,1,1,0,0,0,1,1,0,1,0,0,0,0.024855765175767795,0
811,1,44,0,0,3,1,0,1,1,0,1,1,0,1,1,1,1,1,1,0,1,0,0.024855765175767795,1
812,1,45,0,0,1,0,0,0,1,0,1,1,2,3,2,1,1,1,1,2,1,1,0.029998337281099064,1
813,1,45,0,0,0,4,1,1,1,2,1,1,0,0,0,0,1,1,1,1,0,0,0.023998669824879252,1
814,0,44,2,0,3,0,1,1,0,1,0,0,0,0,0,1,1,0,1,1,0,0,0.030855432631987607,0
815,0,45,0,0,3,2,0,1,0,1,1,0,0,0,2,1,0,0,1,2,0,0,0.033426718684653245,0
816,1,45,0,1,3,3,0,1,2,2,2,2,2,3,0,1,1,2,1,1,0,0,0.033426718684653245,1
817,1,45,2,1,3,0,1,1,1,2,1,1,1,4,2,2,1,0,1,1,2,0,0.037712195439095965,1
818,2,17,2,0,3,4,1,1,1,1,2,2,2,4,1,1,1,1,0,0,2,0,0.02228447912310216,1
819,1,13,2,1,1,0,0,1,1,2,2,1,0,2,1,1,1,1,0,2,2,0,0.029998337281099064,1
820,0,45,0,1,3,1,0,0,2,1,2,0,0,0,2,0,1,0,1,1,0,0,0.03428381403554179,1
821,1,13,2,1,1,0,0,1,1,2,2,1,0,2,1,1,1,1,0,2,2,0,0.029998337281099064,1
822,1,45,0,0,0,5,1,1,1,2,1,1,1,3,2,2,0,0,1,1,0,0,0.032569623333764695,0
823,1,45,0,0,3,5,1,1,0,1,0,0,0,0,1,1,1,2,1,0,2,0,0.029141241930210518,0
824,1,45,0,0,3,5,0,1,2,0,2,2,0,0,1,1,1,2,1,0,0,0,0.03685510008820742,0
825,0,45,0,1,1,2,0,1,0,0,1,1,1,3,2,2,0,1,1,1,1,1,0.04114057684265014,0
826,1,45,0,0,0,2,0,1,0,1,0,0,0,0,1,1,1,2,0,0,2,0,0.017141907017770894,0
827,1,45,2,0,3,0,1,1,0,1,1,1,0,2,2,0,1,0,1,1,0,0,0.03428381403554179,0
828,0,44,0,0,2,4,0,1,0,0,1,1,0,0,0,1,1,0,1,0,0,0,0.024855765175767795,1
829,1,45,0,1,3,0,0,0,1,2,1,1,2,0,1,1,1,2,1,1,2,0,0.029998337281099064,1
830,1,45,0,1,3,5,1,0,2,2,1,2,2,4,0,1,1,0,1,1,2,0,0.024855765175767795,0
831,1,45,0,0,0,1,0,1,2,1,1,0,0,0,0,1,1,1,1,0,0,0,0.03428381403554179,0
832,1,41,0,0,2,4,0,1,1,2,1,1,2,4,1,1,1,2,1,1,2,0,0.024855765175767795,1
833,0,45,0,1,2,1,0,1,2,1,0,1,0,0,1,1,2,2,1,0,0,0,0.024855765175767795,1
834,1,45,0,0,3,0,0,1,1,0,1,1,0,0,2,1,0,0,1,2,0,0,0.029141241930210518,1
835,1,44,0,1,3,3,0,0,0,0,1,1,0,1,0,1,1,2,1,0,1,1,0.037712195439095965,1
836,0,45,0,1,1,4,0,1,2,2,1,1,2,4,1,1,1,2,1,2,1,1,0.02057028842132507,1
837,0,45,0,0,3,1,1,1,0,0,1,0,0,3,2,2,0,0,1,1,1,0,0.0402834814917616,0
838,1,44,0,1,3,5,0,0,0,0,1,1,0,4,0,1,1,2,1,0,0,0,0.03685510008820742,0
839,1,45,0,0,2,5,0,1,2,2,2,2,2,1,1,1,1,2,1,1,1,0,0.030855432631987607,0
840,1,45,0,0,3,5,0,0,0,0,1,0,0,3,0,1,1,2,1,1,0,0,0.03685510008820742,1
841,1,44,2,0,3,4,1,1,1,0,1,1,0,1,1,1,2,2,1,0,0,1,0.030855432631987607,0
842,0,45,0,1,3,1,0,1,2,2,1,1,0,1,1,1,2,2,0,0,0,0,0.026569955877544883,1
843,1,45,0,0,3,5,0,1,0,1,2,0,0,0,0,1,1,0,1,1,0,0,0.029998337281099064,0
844,1,45,0,1,3,2,0,0,2,0,1,1,2,1,1,1,1,1,1,1,0,0,0.028284146579321975,0
845,1,23,0,0,3,2,0,1,0,1,0,0,0,0,2,2,1,0,1,1,1,0,0.03171252798287615,0
846,1,45,0,0,3,1,0,1,0,0,2,0,2,0,0,1,1,0,1,1,0,0,0.029141241930210518,1
847,1,28,2,0,3,0,0,1,1,0,1,1,0,4,1,1,2,0,1,1,2,0,0.030855432631987607,1
848,1,45,2,1,3,0,1,1,1,2,1,1,2,4,1,1,2,2,1,1,2,0,0.03428381403554179,1
849,1,45,0,0,2,5,0,1,2,2,2,2,2,0,1,1,1,1,1,0,0,0,0.03428381403554179,0
850,1,45,0,0,3,0,1,1,1,2,1,1,0,2,0,1,0,0,1,0,0,0,0.03599800473731887,1
851,1,45,0,1,3,2,1,1,2,2,1,0,2,0,0,1,0,1,1,1,0,0,0.01971319307043653,0
852,1,44,0,1,0,4,0,0,1,0,1,1,2,2,0,1,1,1,1,0,0,0,0.017999002368659436,0
853,1,7,0,0,3,4,1,1,1,0,1,1,0,3,2,0,1,1,1,0,0,0,0.02228447912310216,0
854,1,45,0,1,3,4,0,1,0,1,1,1,0,0,0,1,1,1,1,1,0,0,0.026569955877544883,0
855,1,45,0,1,3,5,0,1,2,2,2,2,2,4,1,1,1,2,0,2,2,0,0.021427383772213617,0
856,1,45,0,0,0,5,1,1,2,2,2,2,2,4,1,1,2,2,1,1,2,0,0.04371186289531578,0
857,1,45,0,0,3,4,0,1,0,1,0,1,2,2,1,1,1,2,1,0,0,0,0.02057028842132507,0
858,1,45,0,0,3,1,0,1,1,0,1,1,0,0,0,1,1,2,1,1,1,0,0.028284146579321975,0
859,1,44,0,1,2,4,0,0,1,0,1,1,1,0,2,0,1,0,1,1,1,0,0.02742705122843343,1
860,1,44,0,1,2,4,0,0,1,0,1,1,1,0,2,0,1,0,1,1,1,0,0.02742705122843343,1
861,1,44,2,0,2,0,1,1,1,1,0,0,0,1,1,1,2,2,0,0,2,0,0.02228447912310216,1
862,1,45,0,0,0,1,0,0,0,0,0,0,0,0,0,1,1,1,0,0,0,0,0.01971319307043653,0
863,1,45,0,1,1,4,1,1,1,2,1,1,0,3,2,1,1,2,1,0,1,0,0.028284146579321975,1
864,1,45,0,0,2,5,0,0,2,2,2,2,2,2,2,0,0,0,1,0,2,0,0.03942638614087306,1
865,1,44,0,0,3,4,1,1,1,0,1,1,1,1,2,0,0,0,1,2,1,1,0.029141241930210518,0
866,1,45,0,1,3,4,0,1,2,2,1,1,0,2,0,0,1,1,1,1,0,0,0.029998337281099064,1
867,1,45,0,0,3,0,1,1,1,2,1,1,0,3,0,0,1,2,0,0,1,0,0.033426718684653245,0
868,1,17,2,0,3,0,1,1,1,2,1,1,2,2,1,1,1,1,0,0,1,0,0.02742705122843343,0
869,1,26,2,0,3,5,1,1,0,0,1,0,0,0,1,1,1,2,1,0,0,0,0.03685510008820742,0
870,1,45,0,0,2,5,1,1,2,2,0,2,2,2,1,1,2,2,2,2,2,0,0.047997339649758504,1
871,0,44,0,1,3,1,0,1,0,0,1,1,0,1,0,1,1,1,1,2,0,1,0.02742705122843343,1
872,1,44,0,0,3,2,0,0,2,2,2,2,2,0,0,0,1,1,1,2,1,1,0.03514090938643033,0
873,1,45,0,0,3,5,1,1,0,1,0,0,0,0,1,1,1,2,1,1,0,0,0.033426718684653245,0
874,1,45,0,1,3,3,0,0,2,2,1,1,2,4,0,1,0,0,1,1,1,0,0.03171252798287615,0
875,1,45,2,1,3,4,1,1,0,1,1,0,0,3,2,1,0,0,1,0,0,0,0.02571286052665634,1
876,1,45,0,0,3,2,0,1,2,0,2,1,2,2,0,1,1,1,1,0,1,0,0.026569955877544883,0
877,1,45,0,0,3,5,0,0,0,1,1,0,0,0,0,1,0,1,1,0,0,0,0.024855765175767795,0
878,0,44,0,1,0,5,0,0,1,0,1,2,0,2,2,0,0,0,1,0,0,0,0.01971319307043653,0
879,1,45,0,0,0,2,0,1,2,2,1,0,2,4,0,1,0,0,1,1,0,0,0.026569955877544883,1
880,1,45,0,1,3,2,0,1,0,1,0,0,0,0,0,1,1,1,1,1,2,0,0.024855765175767795,1
881,1,45,0,0,0,2,1,1,2,2,0,0,2,4,1,1,1,2,0,0,2,0,0.02571286052665634,0
882,1,45,0,0,0,3,1,1,2,0,2,0,0,0,0,1,1,2,1,1,2,1,0.03171252798287615,0
883,1,45,2,0,0,0,0,1,2,0,1,0,0,1,1,1,1,2,2,2,2,0,0.030855432631987607,0
884,1,45,0,1,3,2,1,1,2,2,1,0,0,0,0,0,1,0,1,0,1,0,0.029998337281099064,1
885,1,45,0,1,0,3,1,0,0,0,1,1,0,0,0,1,0,0,1,1,0,0,0.03514090938643033,0
886,1,44,0,0,2,4,0,1,0,1,1,1,0,0,1,1,1,2,1,1,0,0,0.026569955877544883,1
887,1,44,0,1,3,3,0,0,2,2,2,2,0,2,1,1,1,2,1,0,1,0,0.032569623333764695,0
888,1,20,2,0,3,1,0,1,1,0,1,1,2,4,1,1,1,2,1,1,2,0,0.02228447912310216,0
889,1,45,0,1,3,5,0,1,2,0,2,2,0,0,0,0,1,2,0,0,0,1,0.033426718684653245,0
890,1,45,2,1,3,4,1,0,2,1,0,2,0,0,0,0,1,0,1,0,0,0,0.03599800473731887,0
891,1,45,2,1,2,0,1,1,1,2,1,1,0,3,2,1,1,0,1,0,0,0,0.02742705122843343,1
892,1,45,0,1,3,1,0,1,0,1,0,0,0,0,1,1,1,2,1,1,0,0,0.024855765175767795,0
893,1,45,0,1,0,1,0,1,2,0,0,2,0,3,2,2,1,0,0,0,1,0,0.02571286052665634,0
894,1,45,0,1,1,3,1,1,0,1,1,0,0,0,0,0,1,1,1,2,0,0,0.03428381403554179,1
895,1,45,0,0,3,1,0,0,0,1,1,0,0,1,1,1,1,2,1,1,0,0,0.04371186289531578,0
896,1,45,0,0,0,5,0,1,2,2,2,2,2,2,1,1,1,2,1,1,2,0,0.028284146579321975,0
897,1,17,2,0,3,0,1,1,1,1,1,1,2,1,0,0,1,1,1,1,0,0,0.029141241930210518,1
898,1,45,2,0,0,0,1,1,1,2,1,1,2,2,1,1,1,2,1,0,2,0,0.042854767544427234,0
899,1,45,0,0,3,2,1,1,0,0,1,0,0,2,1,1,1,2,1,0,1,0,0.02057028842132507,0
900,1,45,0,1,2,2,0,0,1,0,1,1,0,0,2,0,0,0,1,0,1,0,0.021427383772213617,1
901,1,44,0,1,2,2,0,1,1,0,1,1,0,3,2,2,1,0,1,1,1,1,0.03685510008820742,1
902,0,45,2,0,1,0,0,1,2,2,2,2,2,4,0,0,1,1,1,1,2,1,0.021427383772213617,1
903,1,44,2,0,3,0,1,1,1,2,1,1,2,4,1,1,0,0,1,0,2,0,0.02057028842132507,0
904,1,45,2,0,0,0,0,1,1,2,1,1,2,1,1,1,1,1,0,0,0,0,0.04371186289531578,0
905,1,45,0,1,3,5,0,1,2,2,1,2,2,1,2,0,0,0,1,0,1,1,0.041997672193538685,1
906,1,45,0,0,3,5,1,1,2,0,2,2,0,0,2,0,0,0,1,1,0,0,0.02571286052665634,0
907,0,45,0,1,3,5,0,1,2,2,2,1,0,0,2,2,0,0,1,1,1,0,0.021427383772213617,1
908,1,45,0,0,2,3,1,1,2,2,0,0,0,0,0,1,0,0,1,0,0,0,0.030855432631987607,1
909,1,45,0,0,0,5,0,1,2,2,2,2,2,0,0,0,2,2,1,0,2,1,0.04114057684265014,1
910,1,0,0,0,3,4,0,1,1,0,1,1,0,2,2,1,1,0,1,0,1,1,0.04114057684265014,1
911,1,45,0,0,2,4,1,1,2,2,1,2,0,0,0,0,1,0,1,1,0,0,0.04542605359709287,1
912,0,44,0,1,1,4,1,1,1,0,1,1,0,4,1,1,2,2,1,1,0,0,0.02057028842132507,1
913,1,45,0,1,3,2,0,1,0,2,1,2,0,2,1,1,2,2,1,1,0,0,0.028284146579321975,1
914,0,7,0,1,3,4,0,1,2,2,1,1,2,2,1,1,1,2,1,1,0,0,0.021427383772213617,1
915,1,44,0,0,3,2,0,1,1,0,1,1,0,1,2,0,1,0,1,0,1,0,0.02571286052665634,1
916,1,45,2,0,0,0,1,1,1,2,1,1,2,2,0,0,1,1,0,0,0,0,0.02571286052665634,0
917,1,44,2,0,3,0,1,1,1,0,1,1,2,1,1,1,1,1,1,1,2,0,0.029141241930210518,1
918,1,45,0,0,3,5,1,1,2,2,2,2,2,4,1,1,1,2,0,2,2,0,0.026569955877544883,0
919,0,45,0,1,1,5,0,1,0,1,1,0,0,0,2,2,0,0,1,1,0,0,0.018856097719547982,1
920,1,45,0,1,3,4,0,1,0,1,1,0,0,2,1,1,1,2,1,2,0,0,0.023998669824879252,0
921,1,45,0,1,2,2,0,0,2,2,1,2,2,1,0,1,1,1,1,1,1,0,0.029998337281099064,1
922,1,45,0,1,3,2,0,0,2,0,1,1,0,0,0,0,1,1,1,1,2,0,0.023998669824879252,1
923,1,29,0,0,3,5,0,0,1,2,0,1,2,1,2,0,1,1,1,2,1,1,0.03599800473731887,1
924,1,45,0,1,3,3,0,1,2,0,0,0,0,4,1,1,2,2,2,2,2,0,0.028284146579321975,0
925,1,45,0,0,3,5,0,1,2,0,2,1,0,0,2,0,0,0,1,1,0,0,0.024855765175767795,0
926,1,45,0,1,3,3,0,0,2,1,1,0,0,0,0,1,0,1,1,0,1,0,0.03685510008820742,0
927,1,45,0,0,3,2,0,1,2,2,2,2,0,2,1,1,1,1,0,0,2,0,0.024855765175767795,0
928,1,45,0,0,3,1,1,1,2,0,1,1,2,0,1,1,2,2,0,0,0,0,0.021427383772213617,0
929,1,45,0,1,0,1,0,1,0,0,0,0,0,4,1,1,1,2,1,1,0,0,0.026569955877544883,0
930,0,45,0,1,3,4,0,0,2,1,2,2,2,1,0,0,1,2,1,0,2,0,0.029998337281099064,1
931,1,45,0,0,1,0,0,1,0,0,1,2,0,4,1,1,1,2,1,0,2,0,0.029141241930210518,0
932,1,45,0,0,3,1,1,1,2,2,1,2,2,3,2,0,1,0,1,0,1,1,0.03685510008820742,1
933,1,45,0,1,3,1,0,1,1,1,1,1,0,3,2,2,0,1,1,0,1,0,0.032569623333764695,1
934,1,45,0,1,3,5,0,1,0,1,1,2,2,3,0,1,1,1,2,2,1,1,0.02228447912310216,1
935,1,44,2,1,2,0,1,0,1,0,1,1,2,3,0,1,0,0,1,1,1,0,0.032569623333764695,1
936,1,45,0,0,1,4,0,1,0,0,1,0,0,0,2,0,0,0,1,0,0,0,0.03599800473731887,1
937,1,28,0,1,3,4,0,1,0,0,1,0,0,0,1,1,2,2,0,0,2,1,0.028284146579321975,1
938,1,45,0,0,2,5,0,1,2,2,2,2,2,2,0,1,1,1,1,1,0,0,0.02742705122843343,1
939,1,45,0,1,3,4,1,1,2,2,2,2,2,1,0,0,1,2,1,0,1,0,0.037712195439095965,1
940,1,45,0,1,2,5,0,1,2,2,0,0,0,0,0,1,1,0,1,1,1,0,0.023998669824879252,1
941,1,45,0,1,3,5,1,1,2,2,2,2,2,3,2,1,1,1,1,0,0,1,0.03428381403554179,1
942,0,45,0,1,3,3,0,1,2,2,1,0,2,2,0,1,1,2,1,1,2,0,0.026569955877544883,1
943,1,45,0,1,3,1,0,1,2,2,2,2,0,0,2,1,1,0,1,1,0,0,0.02742705122843343,0
944,1,45,0,1,3,5,0,1,0,0,0,0,0,2,0,1,1,0,1,0,1,0,0.023998669824879252,1
945,1,45,0,1,1,2,0,1,2,2,1,1,2,0,2,1,1,0,1,1,1,0,0.033426718684653245,1
946,1,45,0,0,3,5,0,0,2,2,2,2,0,0,1,1,1,1,1,1,2,0,0.03856929078998451,0
947,1,45,0,0,2,5,0,1,2,2,2,2,0,2,1,1,2,2,0,2,2,0,0.03685510008820742,1
948,1,45,0,0,3,5,0,1,2,2,0,2,0,3,0,0,1,1,1,1,0,0,0.029998337281099064,1
949,1,45,0,1,3,4,0,1,2,2,0,0,2,4,0,1,1,1,1,1,0,0,0.03428381403554179,1
950,1,28,0,0,2,2,0,1,1,2,1,1,2,4,1,1,2,2,0,0,2,0,0.029141241930210518,1
951,1,44,0,1,1,2,0,0,0,2,1,1,1,2,2,0,1,2,1,0,1,1,0.02057028842132507,1
952,1,39,2,0,3,0,1,1,1,0,1,1,0,3,2,0,1,2,1,0,1,1,0.052282816404201224,1
953,0,45,0,1,2,4,0,1,0,0,1,0,0,0,2,0,1,0,1,1,0,0,0.030855432631987607,1
954,1,45,0,0,3,4,0,1,1,0,1,1,2,0,0,1,1,2,0,0,0,0,0.032569623333764695,0
955,1,17,0,1,1,2,0,1,0,1,2,1,2,2,1,1,1,2,2,2,2,0,0.028284146579321975,1
956,1,45,0,1,0,5,0,0,0,0,1,0,0,0,2,0,0,0,1,1,1,0,0.02571286052665634,0
957,1,28,2,1,2,0,1,1,2,2,2,2,2,4,1,1,2,1,1,0,2,0,0.029141241930210518,1
958,1,45,0,0,2,5,0,1,2,1,0,0,0,0,1,1,1,1,1,0,1,0,0.02228447912310216,1
959,1,44,0,0,3,5,0,1,0,1,0,0,0,0,1,1,1,2,0,0,0,0,0.028284146579321975,0
960,1,44,0,0,3,4,0,1,0,0,1,1,0,4,1,1,0,2,1,0,1,0,0.02742705122843343,0
961,1,17,2,0,3,4,1,1,1,2,1,1,2,2,1,1,1,2,2,2,2,0,0.021427383772213617,0
962,1,17,2,0,3,2,1,0,0,0,1,1,0,1,2,0,2,0,1,0,0,0,0.029998337281099064,1
963,1,44,2,1,1,0,1,1,0,1,1,1,0,0,0,1,1,1,1,0,0,0,0.02057028842132507,0
964,1,44,0,0,1,5,0,0,2,2,2,2,0,2,2,0,0,1,1,0,1,1,0.047140244298869954,1
965,1,44,2,1,3,0,1,1,1,2,1,1,1,3,2,0,1,1,1,0,1,1,0.028284146579321975,1
966,0,44,2,1,3,0,1,1,1,0,1,1,0,4,0,1,1,2,1,0,2,0,0.02228447912310216,1
967,1,44,0,0,0,4,1,1,0,1,0,0,0,4,1,1,2,2,1,1,0,0,0.021427383772213617,0
968,1,44,0,1,2,1,0,0,0,0,1,1,0,0,0,1,1,0,1,0,0,0,0.03856929078998451,0
969,0,44,2,0,3,0,1,1,1,2,2,2,2,4,1,1,1,2,1,1,0,0,0.028284146579321975,1
970,1,45,0,0,3,5,1,1,1,1,1,1,0,3,2,0,0,0,1,0,1,1,0.03685510008820742,0
971,1,44,2,0,3,4,0,1,1,2,1,1,1,3,2,2,0,0,1,1,2,1,0.02571286052665634,1
972,1,45,0,1,2,4,0,1,0,1,1,0,0,0,1,1,2,2,1,0,0,0,0.03428381403554179,1
973,1,45,0,1,0,5,0,1,2,2,2,2,2,0,1,1,2,2,1,1,2,0,0.041997672193538685,0
974,1,17,0,0,3,4,0,1,0,1,1,1,0,2,1,1,1,2,0,2,0,0,0.024855765175767795,0
975,1,17,0,0,3,3,0,1,0,0,0,0,0,0,1,1,1,1,0,0,0,0,0.02228447912310216,0
976,1,45,0,0,0,5,0,1,2,2,2,2,2,2,0,0,1,1,1,0,1,1,0.032569623333764695,0
977,1,15,0,1,3,3,0,0,2,2,0,1,2,2,0,0,0,1,1,0,0,1,0.023141574473990706,0
978,1,3,0,0,0,4,0,1,2,0,1,1,1,2,0,1,0,0,1,1,0,0,0.02228447912310216,0
979,1,44,0,1,1,2,0,1,1,0,1,1,0,2,0,0,2,2,1,1,1,0,0.023998669824879252,1
980,1,45,0,1,3,0,1,1,1,0,1,1,0,0,0,0,1,2,1,0,1,0,0.03428381403554179,1
981,0,7,2,1,2,0,1,1,1,2,1,1,2,2,2,0,1,1,0,0,0,1,0.03171252798287615,1
982,0,44,0,1,1,2,1,0,2,2,1,2,1,2,2,2,1,0,1,1,0,0,0.029141241930210518,1
983,1,45,0,1,1,1,0,1,0,1,1,0,0,0,0,1,1,1,1,2,0,0,0.023998669824879252,1
984,1,7,0,0,0,2,0,1,2,1,2,1,2,4,1,1,2,2,0,0,2,0,0.023141574473990706,0
985,1,44,0,0,3,4,1,1,1,0,1,1,0,4,1,1,2,2,1,2,2,0,0.024855765175767795,1
986,0,44,0,1,2,3,1,1,0,1,1,1,0,1,2,2,0,0,1,1,1,1,0.033426718684653245,0
987,1,44,0,0,1,4,0,1,1,0,1,1,1,1,2,1,0,0,1,2,2,0,0.023998669824879252,0
988,1,45,0,1,3,2,0,1,2,1,2,2,2,2,1,1,0,0,1,0,0,0,0.01971319307043653,0
989,3,2,2,1,1,0,1,1,2,2,2,2,2,4,2,2,2,2,2,2,2,1,0.026569955877544883,1
990,1,44,0,0,3,0,1,1,1,0,1,1,2,2,1,1,1,2,1,1,0,0,0.032569623333764695,0
991,1,44,0,0,3,4,0,1,2,0,1,2,0,4,1,1,2,2,1,1,2,0,0.016284811666882348,0
992,0,45,0,1,3,2,0,1,2,2,2,0,2,4,1,1,1,0,1,1,2,0,0.02571286052665634,1
993,1,44,2,0,3,0,1,1,1,2,1,1,2,4,0,0,0,0,1,1,2,0,0.023998669824879252,0
994,1,20,0,0,3,2,0,1,0,0,1,1,0,0,2,1,0,0,1,0,2,0,0.017141907017770894,1
995,1,44,2,0,3,0,0,1,0,1,1,0,0,2,1,1,1,2,1,1,0,0,0.029998337281099064,0
996,1,45,0,0,2,1,1,1,2,2,1,1,2,4,0,1,1,2,1,1,0,0,0.033426718684653245,1
997,0,45,0,1,0,5,0,0,2,1,1,0,0,0,2,2,0,0,1,1,0,0,0.026569955877544883,0
998,1,44,0,0,2,3,0,1,1,0,1,1,0,0,2,1,0,0,1,1,0,0,0.02742705122843343,0
999,1,41,0,0,3,4,0,1,1,0,1,1,0,0,1,1,0,0,1,1,0,0,0.023141574473990706,0
1000,1,45,0,1,1,4,1,1,2,2,1,0,2,2,1,1,2,2,0,0,0,0,0.021427383772213617,1
1001,1,45,0,1,3,4,1,1,0,0,1,0,0,0,0,1,1,2,1,0,0,0,0.03599800473731887,1
1002,1,45,0,1,1,1,0,1,2,2,1,1,2,4,1,1,2,2,0,0,0,0,0.029141241930210518,1
1003,0,45,0,0,3,2,1,1,0,0,1,0,0,0,0,1,1,0,0,0,0,1,0.02228447912310216,1
1004,1,44,0,1,3,0,0,1,1,2,1,1,2,4,2,2,1,1,1,0,2,1,0.029998337281099064,1
1005,1,44,0,0,0,3,0,1,0,0,1,0,0,4,0,1,2,2,1,1,2,0,0.029141241930210518,0
1006,1,45,0,1,3,1,1,0,2,2,1,2,2,4,1,1,2,2,2,2,0,0,0.032569623333764695,1
1007,1,45,0,0,3,1,0,1,0,0,1,1,0,0,2,1,1,0,1,0,0,0,0.029141241930210518,0
1008,1,45,0,1,3,4,1,1,1,2,1,1,2,2,1,1,1,2,0,2,2,0,0.033426718684653245,1
1009,0,45,0,0,3,1,0,1,0,1,1,1,0,0,2,1,0,0,1,1,0,0,0.037712195439095965,0
1010,1,45,0,0,3,5,0,0,2,2,2,2,2,0,0,1,0,2,1,1,0,0,0.03428381403554179,0
1011,0,45,2,0,0,0,1,1,1,2,0,0,2,2,0,1,0,1,1,1,2,0,0.028284146579321975,0
1012,0,45,0,1,3,5,0,0,2,2,1,0,0,1,2,0,1,1,1,1,1,1,0.02057028842132507,0
1013,0,45,0,1,3,2,1,1,0,1,0,0,0,0,1,1,1,2,1,1,0,0,0.032569623333764695,0
1014,1,45,0,0,3,5,0,1,2,1,2,2,2,0,2,0,1,1,1,0,2,0,0.026569955877544883,0
1015,1,22,0,0,3,1,0,1,0,1,1,1,2,4,0,1,1,2,0,2,0,0,0.01971319307043653,0
1016,0,45,0,0,3,4,0,1,0,1,1,1,0,2,1,1,2,2,1,0,2,0,0.02228447912310216,0
1017,2,45,0,0,1,5,0,0,2,2,2,2,0,0,2,1,1,1,1,1,1,1,0.03942638614087306,1
1018,1,45,0,1,3,2,1,1,2,0,1,1,0,0,0,1,1,0,1,0,0,0,0.02571286052665634,1
1019,1,45,0,0,2,2,1,1,0,0,1,1,0,2,2,1,1,1,1,2,0,1,0.021427383772213617,0
1020,1,7,0,0,0,2,1,1,0,0,1,1,0,2,1,1,1,1,1,0,1,0,0.016284811666882348,0
1021,0,45,0,1,3,3,0,0,2,2,2,2,2,2,0,0,1,1,1,1,1,1,0.02571286052665634,1
1022,1,45,0,0,0,4,0,1,2,2,2,2,0,2,1,1,2,2,1,0,2,0,0.02742705122843343,0
1023,1,44,0,0,3,4,0,1,1,0,1,1,0,0,0,0,0,0,1,0,0,0,0.02742705122843343,0
1024,1,45,0,1,3,2,1,1,0,0,1,1,0,2,0,1,1,1,1,0,1,0,0.03171252798287615,0
1025,1,45,0,1,3,4,1,1,0,0,1,0,0,0,0,0,1,1,1,1,0,0,0.03599800473731887,1
1026,0,45,0,0,0,5,0,1,2,2,2,2,0,0,0,1,1,2,0,1,2,0,0.021427383772213617,0
1027,1,45,0,0,3,0,0,1,0,1,1,1,0,0,1,1,1,2,0,0,0,0,0.016284811666882348,0
1028,0,45,0,1,0,1,1,1,2,2,2,1,0,0,2,2,0,0,1,1,0,0,0.03428381403554179,0
1029,1,45,0,0,3,5,0,0,2,1,2,0,0,0,0,0,1,2,1,1,0,0,0.029141241930210518,0
1030,1,45,0,1,3,4,0,1,0,1,1,1,0,0,1,1,1,2,1,1,2,0,0.02228447912310216,0
1031,1,45,0,1,2,4,0,1,0,1,0,0,2,0,1,1,2,2,0,0,2,0,0.026569955877544883,1
1032,1,45,0,1,3,5,1,0,2,1,2,0,0,0,2,0,1,1,1,0,1,0,0.03428381403554179,0
1033,0,45,0,1,1,2,0,1,1,0,1,1,1,3,2,1,0,0,1,2,1,1,0.026569955877544883,1
1034,1,45,0,0,0,1,0,0,0,0,1,0,0,0,2,0,0,0,1,0,0,1,0.030855432631987607,0
1035,1,7,0,1,3,4,1,1,1,2,1,1,0,0,0,1,0,1,1,1,0,0,0.029998337281099064,0
1036,1,0,0,1,3,2,1,1,1,0,1,1,2,0,1,1,2,2,1,0,2,0,0.02228447912310216,1
1037,1,45,0,0,3,5,1,0,0,0,0,0,2,0,2,1,1,0,1,1,1,0,0.037712195439095965,0
1038,0,45,0,0,3,0,0,1,1,1,1,1,0,4,1,1,1,2,1,0,2,0,0.029141241930210518,0
1039,1,45,0,0,3,4,1,1,1,0,1,1,0,0,1,1,0,0,1,1,0,0,0.029998337281099064,0
1040,0,45,0,1,3,2,1,1,0,0,1,1,0,2,2,1,1,1,1,0,1,0,0.023998669824879252,1
1041,1,45,0,0,3,4,1,1,2,0,0,2,2,0,1,1,1,2,1,1,2,0,0.028284146579321975,0
1042,1,45,0,1,3,5,1,1,2,2,1,2,0,0,2,1,0,0,1,0,0,0,0.03428381403554179,1
1043,1,45,0,0,3,4,0,1,2,2,1,1,2,0,0,1,1,0,1,0,0,0,0.02228447912310216,1
1044,0,44,0,0,1,5,0,0,2,2,1,1,0,0,0,1,1,0,1,2,1,1,0.024855765175767795,1
1045,0,7,0,1,3,1,0,1,2,1,1,1,2,0,0,1,1,0,1,0,0,0,0.02228447912310216,1
1046,1,23,0,1,3,4,0,1,1,1,1,1,0,2,1,1,1,2,1,1,0,0,0.028284146579321975,1
1047,1,5,0,1,3,1,0,1,1,0,1,1,0,2,1,1,1,1,1,1,0,1,0.023998669824879252,0
1048,1,45,2,0,1,0,1,0,1,2,2,2,2,3,1,1,1,1,1,1,2,1,0.03514090938643033,1
1049,1,44,2,1,3,0,1,1,1,2,2,2,2,1,1,1,2,2,1,0,2,1,0.033426718684653245,1
1050,0,45,0,1,3,5,0,1,2,2,1,1,0,0,1,1,1,2,1,0,1,1,0.02228447912310216,1
1051,0,45,0,1,3,2,0,0,1,0,1,1,0,1,2,1,0,1,1,0,1,0,0.01971319307043653,0
1052,1,42,0,1,1,5,0,1,0,1,1,1,2,4,1,1,1,1,1,0,1,0,0.029998337281099064,1
1053,1,45,0,0,0,0,1,1,0,1,0,0,0,4,1,1,1,1,1,1,0,0,0.030855432631987607,0
1054,1,45,0,0,2,5,0,0,0,0,1,0,0,0,0,1,1,0,1,0,1,0,0.03599800473731887,0
1055,1,45,0,1,3,3,0,1,2,2,1,0,2,4,1,1,1,2,1,1,2,0,0.033426718684653245,1
1056,1,45,0,0,0,4,0,1,0,0,1,0,0,0,0,1,1,2,0,0,0,0,0.023141574473990706,0
1057,1,45,2,0,0,4,1,1,0,0,1,1,1,4,0,1,1,2,1,0,2,0,0.028284146579321975,0
1058,1,7,0,1,1,5,0,1,2,1,0,0,0,0,0,1,1,0,1,0,0,0,0.026569955877544883,1
1059,0,45,0,0,2,4,0,1,2,2,0,2,2,4,1,1,1,1,1,2,0,0,0.023998669824879252,1
1060,0,45,0,0,1,5,1,0,2,0,1,1,0,2,1,1,1,2,0,0,0,0,0.024855765175767795,1
1061,1,45,0,0,3,1,0,1,0,1,1,1,2,3,0,1,1,0,1,0,1,0,0.023141574473990706,1
1062,1,45,2,0,0,0,1,1,0,0,1,1,2,1,1,1,0,0,1,1,0,0,0.037712195439095965,0
1063,1,45,0,0,1,4,1,1,0,0,1,1,0,2,0,1,1,0,1,0,0,0,0.021427383772213617,1
1064,1,17,0,1,3,4,0,1,1,0,1,1,0,2,0,1,2,2,1,1,0,0,0.02057028842132507,1
1065,1,39,0,1,1,4,0,0,0,0,1,1,2,0,1,1,1,2,1,0,1,1,0.021427383772213617,1
1066,1,45,0,0,0,4,1,1,2,1,0,0,0,2,0,0,0,1,1,0,0,0,0.029141241930210518,0
1067,1,45,0,0,0,5,0,0,2,2,1,0,0,1,0,1,0,2,1,1,0,0,0.02228447912310216,0
1068,1,45,0,0,0,2,0,0,2,2,2,2,2,0,0,1,1,2,1,0,0,0,0.04114057684265014,0
1069,1,18,0,0,3,2,1,1,1,0,1,1,0,3,2,0,1,0,1,0,1,0,0.029141241930210518,0
1070,0,45,0,0,3,4,1,1,1,0,1,1,0,0,0,0,1,1,1,0,1,0,0.033426718684653245,1
1071,1,45,0,0,3,5,1,1,2,1,1,2,0,0,0,1,0,0,1,1,0,0,0.03685510008820742,0
1072,1,45,0,0,2,5,0,1,2,2,2,2,0,0,0,0,1,0,1,1,2,1,0.03514090938643033,0
1073,1,45,0,0,0,5,0,0,0,0,1,1,0,0,1,1,1,2,1,1,0,0,0.021427383772213617,0
1074,1,45,0,0,3,1,0,1,2,2,1,1,0,2,0,1,1,0,1,0,1,0,0.026569955877544883,1
1075,1,45,0,1,3,5,0,1,2,2,2,2,2,0,2,2,0,0,1,0,1,1,0.03428381403554179,1
1076,1,45,2,1,3,0,1,1,2,1,1,0,0,0,0,0,1,1,1,0,0,0,0.03685510008820742,1
1077,0,45,0,1,1,5,0,1,2,2,2,2,2,3,0,1,2,1,1,0,1,1,0.023141574473990706,1
1078,0,45,0,1,3,2,1,1,2,2,1,0,0,0,2,0,0,0,1,0,0,0,0.03171252798287615,1
1079,1,28,2,0,3,0,0,1,1,0,1,1,2,3,0,1,1,2,1,0,1,0,0.02742705122843343,1
1080,1,45,0,1,1,0,0,1,1,2,1,1,2,4,0,1,2,2,1,0,1,0,0.021427383772213617,1
1081,1,28,0,1,1,0,0,1,0,1,0,2,0,3,1,0,2,2,0,1,2,0,0.024855765175767795,1
1082,0,45,0,1,1,5,0,0,2,0,1,1,0,1,2,1,0,0,1,0,1,0,0.02571286052665634,1
1083,0,7,0,1,1,2,0,0,0,0,2,0,0,2,1,1,1,1,1,1,2,0,0.029141241930210518,1
1084,1,44,0,1,3,0,0,0,2,2,2,2,2,2,0,0,1,1,1,0,1,0,0.02742705122843343,1
1085,1,17,0,0,3,4,0,1,0,0,1,1,2,4,1,1,2,2,0,0,2,0,0.03171252798287615,0
1086,1,17,0,0,3,5,0,1,0,0,1,1,0,1,1,1,2,2,1,1,2,0,0.03514090938643033,1
1087,1,45,0,1,0,5,0,0,2,1,2,2,0,0,2,0,1,0,1,1,1,0,0.032569623333764695,0
1088,1,45,0,0,3,2,0,1,2,2,2,0,2,0,1,1,1,2,1,0,0,0,0.02742705122843343,1
1089,0,45,0,1,3,1,0,1,2,2,0,0,0,0,0,1,1,1,1,1,2,0,0.023998669824879252,1
1090,1,45,2,0,0,0,1,1,1,2,1,1,2,4,1,1,1,1,1,0,2,0,0.026569955877544883,0
1091,1,45,0,1,0,1,0,0,2,2,1,0,0,2,0,1,1,1,1,0,1,0,0.03685510008820742,0
1092,1,45,0,1,1,1,0,1,1,2,1,1,0,3,2,1,2,2,1,2,1,0,0.02742705122843343,1
1093,1,45,0,0,3,5,0,1,2,2,2,0,2,0,2,1,0,0,1,1,2,0,0.021427383772213617,1
1094,1,45,0,0,3,1,0,1,2,0,1,2,2,4,1,1,0,2,1,1,2,0,0.03171252798287615,1
1095,1,45,2,0,3,0,0,0,1,2,1,1,1,3,1,1,0,0,1,1,1,1,0.030855432631987607,1
1096,1,45,0,1,2,4,1,1,0,0,1,1,0,4,1,1,2,2,0,2,2,0,0.02057028842132507,1
1097,1,45,0,1,3,5,0,1,2,1,2,0,0,1,0,1,1,1,1,0,0,1,0.03428381403554179,1
1098,1,45,0,0,3,5,0,0,0,1,2,0,2,2,1,1,1,2,1,0,2,0,0.024855765175767795,0
1099,1,45,0,0,0,3,0,1,0,0,1,0,0,0,1,1,2,1,1,1,2,0,0.03685510008820742,0
1100,1,45,0,0,3,4,1,1,2,1,1,2,0,0,0,1,1,2,0,2,0,0,0.024855765175767795,0
1101,1,45,0,1,3,1,0,1,0,1,1,1,0,0,0,1,1,0,1,0,0,0,0.02228447912310216,0
1102,0,7,2,1,1,0,1,1,1,2,1,1,1,3,2,2,0,0,1,0,1,1,0.028284146579321975,1
1103,0,45,0,1,3,4,1,1,0,0,1,1,0,2,1,1,2,1,1,1,2,0,0.029998337281099064,0
1104,1,45,0,0,0,4,1,1,2,0,1,1,0,0,2,0,1,0,1,0,0,0,0.03856929078998451,0
1105,1,45,0,0,2,4,1,1,1,2,1,0,0,2,0,1,0,1,1,0,0,0,0.021427383772213617,1
1106,1,15,2,0,3,2,1,1,1,0,1,1,0,0,0,0,1,2,1,1,0,0,0.042854767544427234,1
1107,1,0,0,1,2,2,0,1,1,0,0,0,0,4,1,1,2,2,0,2,2,0,0.02228447912310216,1
1108,0,45,0,0,1,5,0,1,2,2,0,0,0,0,2,1,0,0,1,0,0,0,0.028284146579321975,1
1109,1,20,0,0,1,4,0,1,1,0,1,1,1,4,0,0,1,1,0,0,0,0,0.02571286052665634,0
1110,1,11,0,1,3,4,1,1,2,2,1,0,2,4,1,1,1,2,0,0,2,0,0.028284146579321975,1
1111,1,15,0,0,1,4,0,1,2,0,1,1,2,2,0,0,2,1,1,2,1,0,0.024855765175767795,1
1112,1,17,0,0,3,4,1,1,1,1,1,1,0,0,0,1,1,0,0,2,0,0,0.03171252798287615,0
1113,1,45,0,1,3,0,1,1,0,0,0,0,0,4,1,1,2,2,0,2,0,0,0.021427383772213617,1
1114,1,45,0,0,3,5,0,0,2,1,0,0,0,2,0,1,1,1,1,0,0,0,0.03428381403554179,0
1115,1,7,0,0,3,2,0,1,2,2,1,1,2,0,0,1,0,0,1,0,0,1,0.02057028842132507,0
1116,1,44,0,0,0,1,0,1,0,1,1,0,0,4,0,1,2,1,1,0,0,0,0.03428381403554179,1
1117,1,45,0,1,3,4,0,1,0,2,1,0,0,0,2,0,0,1,1,0,0,0,0.03942638614087306,1
1118,1,45,0,1,2,5,0,0,2,2,2,2,2,2,2,1,0,2,1,2,0,0,0.032569623333764695,1
1119,1,45,0,0,0,0,1,1,1,2,1,1,0,0,2,2,0,0,1,1,0,0,0.029141241930210518,0
1120,1,44,2,0,2,0,0,1,1,2,2,2,2,4,1,1,1,2,1,2,1,1,0.02742705122843343,1
1121,1,44,0,0,3,5,0,0,1,0,1,2,0,0,0,1,1,1,1,1,1,0,0.037712195439095965,1
1122,0,44,0,0,0,1,0,1,0,1,1,0,0,4,0,1,1,1,1,0,1,0,0.028284146579321975,1
1123,0,45,0,0,2,2,0,0,0,0,0,0,0,0,1,1,1,1,1,0,0,0,0.03856929078998451,1
1124,1,45,0,0,3,4,0,1,0,1,0,0,2,0,1,1,0,0,1,1,2,0,0.029998337281099064,0
1125,1,17,2,1,1,0,0,1,1,0,1,1,0,0,0,1,2,2,0,2,1,1,0.02228447912310216,1
1126,0,45,0,0,3,2,1,1,0,1,0,0,0,0,1,1,1,1,0,0,0,0,0.017141907017770894,1
1127,3,45,2,1,1,0,1,1,2,2,2,2,2,4,2,2,2,2,2,2,2,1,0.026569955877544883,1
1128,1,28,0,1,3,4,0,1,1,0,1,1,2,2,0,1,1,2,1,0,2,0,0.03171252798287615,0
1129,1,45,0,0,3,5,0,0,2,0,1,1,2,2,0,1,0,0,1,2,1,0,0.023998669824879252,0
1130,0,45,0,1,3,2,0,0,2,2,1,1,0,0,2,1,1,1,1,2,1,0,0.03599800473731887,1
1131,1,44,0,0,3,2,0,1,1,0,1,1,0,0,0,1,0,0,1,1,0,1,0.02742705122843343,0
1132,0,45,0,1,2,5,1,1,2,2,1,1,2,2,0,0,1,0,1,1,0,0,0.030855432631987607,1
1133,1,29,0,0,2,2,0,1,1,2,1,2,1,1,2,1,0,0,1,0,1,1,0.023141574473990706,0
1134,1,29,0,0,2,2,0,1,1,2,1,2,1,1,2,1,0,0,1,0,1,1,0.023141574473990706,0
1135,1,44,0,0,3,5,0,0,1,0,1,1,2,2,0,1,2,2,0,0,1,0,0.023141574473990706,1
1136,1,44,0,1,3,2,1,1,1,0,1,1,2,4,1,1,1,2,1,0,2,0,0.021427383772213617,1
1137,1,44,0,1,3,4,0,1,1,0,1,1,0,1,0,0,1,1,0,0,0,0,0.03514090938643033,0
1138,1,17,0,1,3,4,0,1,0,1,1,1,0,2,0,1,0,0,1,1,0,0,0.01971319307043653,1
1139,1,44,0,0,3,5,0,0,0,0,1,0,0,0,0,1,1,0,1,1,0,0,0.017999002368659436,1
1140,1,27,0,0,1,2,0,1,1,2,1,1,2,3,1,1,2,2,2,2,0,0,0.02228447912310216,1
1141,1,41,0,0,2,5,0,1,0,1,0,0,0,0,0,0,0,0,1,2,0,1,0.024855765175767795,0
1142,1,3,0,0,3,5,0,0,1,0,1,1,0,2,2,0,0,0,1,1,0,1,0.023998669824879252,0
1143,0,44,0,1,3,5,0,0,1,2,1,1,2,0,0,1,0,0,1,2,2,0,0.023141574473990706,0
1144,1,22,0,0,0,5,0,0,1,2,2,2,2,1,1,1,2,2,1,2,2,0,0.01971319307043653,0
1145,0,45,0,1,3,2,1,1,0,0,1,1,0,0,0,1,0,0,1,1,0,0,0.02228447912310216,0
1146,1,44,0,1,3,0,0,1,1,1,0,0,0,4,1,1,1,2,0,2,0,0,0.032569623333764695,1
1147,1,44,0,1,3,5,0,0,1,0,1,1,2,4,0,0,1,2,0,0,2,0,0.033426718684653245,1
1148,1,45,0,1,1,5,0,0,2,2,1,2,0,2,2,1,0,1,1,2,0,0,0.029998337281099064,1
1149,1,45,0,0,2,4,0,1,2,1,1,0,0,0,0,1,0,1,1,0,0,0,0.02742705122843343,0
1150,1,45,0,0,3,5,0,1,2,2,2,2,2,1,0,0,1,1,1,1,0,1,0.02742705122843343,1
1151,1,44,0,0,0,4,0,1,1,0,1,1,0,0,2,0,1,0,1,0,0,0,0.02228447912310216,0
1152,1,7,0,1,2,1,0,1,0,1,1,0,0,0,1,1,2,2,1,0,1,0,0.032569623333764695,1
1153,0,44,0,1,2,2,0,0,2,2,2,2,2,4,1,1,1,2,0,0,2,0,0.029141241930210518,0
1154,1,45,0,1,1,2,0,0,0,1,1,1,0,2,2,1,1,1,1,0,0,0,0.033426718684653245,1
1155,1,7,2,0,0,4,1,1,0,1,1,1,0,4,1,1,2,2,0,0,2,0,0.02742705122843343,0
1156,1,28,2,0,0,0,1,1,0,1,0,0,0,4,2,2,1,1,1,1,0,0,0.03171252798287615,0
1157,1,44,0,1,0,4,0,1,0,1,1,0,0,2,1,1,1,1,1,1,0,0,0.026569955877544883,1
1158,1,45,0,1,2,4,0,1,1,2,1,1,0,0,1,1,0,0,1,1,0,0,0.02571286052665634,1
1159,1,37,0,0,0,5,1,1,0,0,1,0,0,0,2,1,0,0,1,1,1,0,0.04371186289531578,0
1160,1,45,0,0,3,2,0,1,2,2,1,1,0,0,2,1,1,1,1,0,0,0,0.024855765175767795,1
1161,1,44,0,0,0,1,0,1,2,0,1,2,0,0,0,2,1,0,1,1,2,0,0.026569955877544883,0
1162,1,20,0,0,3,2,0,1,0,1,1,1,0,0,2,2,0,0,1,1,0,0,0.026569955877544883,0
1163,1,45,0,1,3,4,1,1,0,0,1,0,0,2,0,1,1,1,0,0,0,0,0.02228447912310216,1
1164,0,45,0,0,1,1,1,0,2,2,1,1,2,0,0,1,1,1,1,0,1,0,0.03942638614087306,1
1165,1,45,0,1,3,5,0,1,2,0,2,0,0,0,0,1,2,2,1,1,0,0,0.02742705122843343,0
1166,1,45,0,1,3,2,0,0,2,2,2,2,0,0,0,1,1,0,1,0,0,0,0.024855765175767795,1
1167,1,33,0,0,0,5,1,1,0,1,1,1,0,0,0,1,1,1,1,2,0,0,0.029141241930210518,0
1168,1,9,0,0,1,4,0,1,1,0,1,1,1,3,2,1,0,0,1,0,2,0,0.02228447912310216,0
1169,0,45,0,0,3,5,0,1,2,2,1,0,0,0,0,1,1,0,1,1,1,0,0.02742705122843343,1
1170,1,45,0,0,3,5,0,1,0,1,1,1,0,0,0,1,1,2,0,2,1,0,0.024855765175767795,0
1171,1,45,0,0,3,5,0,0,2,0,2,2,0,0,2,0,0,0,1,1,0,0,0.02571286052665634,0
1172,0,45,0,1,3,2,0,1,2,2,1,2,2,2,1,1,2,2,1,0,2,1,0.03428381403554179,1
1173,1,44,0,0,3,0,0,1,1,0,1,1,0,3,0,1,2,2,2,2,1,1,0.01971319307043653,1
1174,1,16,0,0,2,2,0,0,1,0,1,1,0,3,2,2,1,0,1,0,1,0,0.017141907017770894,0
1175,1,45,0,1,3,4,0,1,0,0,1,1,0,1,1,1,1,2,1,1,0,1,0.032569623333764695,0
1176,0,45,0,1,2,1,0,1,2,0,1,1,0,0,0,0,0,0,1,0,1,0,0.02228447912310216,1
1177,1,45,0,0,0,2,0,1,1,0,1,0,0,0,1,1,1,2,1,2,1,1,0.024855765175767795,0
1178,1,8,2,0,3,0,1,1,1,2,1,1,0,2,1,1,1,1,0,0,0,0,0.03428381403554179,0
1179,0,6,0,0,3,2,1,1,1,0,1,1,0,0,0,0,2,1,0,1,1,0,0.021427383772213617,1
1180,0,45,0,0,3,2,0,1,2,2,1,1,2,0,0,0,1,0,1,1,1,0,0.02742705122843343,1
1181,1,45,0,1,3,5,0,0,2,2,2,2,2,0,0,1,1,0,1,0,1,1,0.032569623333764695,1
1182,0,45,0,1,0,3,1,0,2,1,0,2,0,2,0,0,1,2,1,1,0,1,0.06171086526397521,1
1183,0,45,0,1,3,0,1,1,1,0,1,1,2,0,0,0,1,1,1,1,2,0,0.029998337281099064,1
1184,0,45,0,0,1,4,0,1,1,2,1,1,0,3,2,0,1,1,1,1,0,0,0.023998669824879252,1
1185,0,45,0,0,0,1,0,0,0,1,0,0,0,0,1,1,1,2,1,1,2,0,0.023141574473990706,0
1186,0,45,2,0,2,0,1,1,0,1,0,0,0,0,0,0,0,0,1,1,0,0,0.047997339649758504,0
1187,1,45,0,1,3,2,1,1,2,0,1,1,0,0,0,1,1,1,1,1,0,0,0.032569623333764695,1
1188,0,3,0,0,3,2,0,1,0,1,1,1,2,4,0,1,1,1,1,1,0,0,0.026569955877544883,0
1189,1,45,0,1,3,4,0,1,2,2,1,1,2,0,0,1,1,0,1,1,2,0,0.03428381403554179,1
1190,1,45,0,1,3,1,0,1,2,2,1,2,2,0,0,1,1,1,1,1,0,0,0.037712195439095965,1
1191,1,7,0,1,3,5,0,1,2,1,2,2,2,0,0,1,0,0,1,0,0,0,0.029141241930210518,0
1192,1,44,0,0,0,2,1,1,0,0,1,1,0,2,1,1,1,2,1,2,0,0,0.03171252798287615,0
1193,1,23,0,0,0,2,0,1,0,1,0,0,2,0,1,1,1,2,2,0,1,0,0.032569623333764695,0
1194,1,17,0,0,3,2,0,1,0,1,1,1,0,0,1,1,1,2,2,2,0,0,0.023141574473990706,0
1195,0,21,0,0,3,3,0,0,2,2,2,1,2,0,2,2,1,1,1,1,2,0,0.029141241930210518,1
1196,0,21,0,0,2,0,0,1,0,0,1,1,1,0,0,1,1,0,1,0,1,0,0.029998337281099064,0
1197,1,21,0,0,1,4,0,1,1,0,1,1,0,1,2,0,1,2,1,0,1,0,0.029141241930210518,1
1198,1,45,0,0,1,2,1,1,2,1,1,0,0,3,2,0,1,0,1,1,0,0,0.02742705122843343,1
1199,1,21,0,0,3,1,0,1,0,1,1,0,0,0,0,1,1,2,1,1,0,0,0.021427383772213617,0
1200,1,0,0,0,1,1,1,1,1,2,1,1,0,0,2,1,0,0,1,0,1,0,0.023998669824879252,1
1201,0,45,0,0,2,4,0,1,2,0,1,1,0,2,2,2,1,0,1,1,1,1,0.023998669824879252,1
1202,1,5,2,0,3,0,0,1,1,2,1,1,1,0,1,1,2,2,1,0,0,0,0.026569955877544883,1
1203,1,44,0,0,3,1,0,1,0,1,1,1,0,2,0,0,1,2,1,0,0,0,0.02057028842132507,0
1204,1,21,0,1,0,0,1,1,1,0,1,1,0,0,0,1,1,2,1,1,0,0,0.029141241930210518,1
1205,1,21,0,0,3,4,0,1,1,0,1,1,0,2,1,1,1,2,1,0,0,0,0.02742705122843343,1
1206,1,44,0,1,1,2,1,0,0,1,1,1,0,2,0,1,1,2,0,2,2,0,0.029141241930210518,0
1207,1,45,0,0,3,0,0,1,1,2,1,1,1,4,0,0,1,2,1,1,1,0,0.01971319307043653,1
1208,1,12,0,1,1,1,0,1,1,2,1,1,0,2,1,1,1,2,0,0,0,1,0.028284146579321975,0
1209,1,37,0,1,3,2,0,1,0,1,1,1,0,1,0,1,0,0,1,0,1,0,0.024855765175767795,1
1210,1,21,0,1,3,0,0,1,1,0,1,1,0,0,0,0,0,0,1,1,0,0,0.02057028842132507,0
1211,1,21,0,0,0,5,1,1,0,1,1,1,0,0,2,1,2,1,1,1,1,1,0.03856929078998451,0
1212,0,44,0,0,3,5,0,0,1,2,1,2,2,1,0,0,1,2,1,0,1,1,0.029141241930210518,1
1213,1,32,0,0,3,5,0,1,0,0,1,1,0,3,2,2,1,0,1,0,1,1,0.026569955877544883,0
1214,1,45,0,0,1,2,1,1,2,2,1,1,2,0,0,1,1,0,1,0,0,0,0.028284146579321975,1
1215,1,28,0,0,3,4,0,1,1,1,1,1,0,2,0,0,1,1,1,1,0,0,0.023998669824879252,0
1216,1,44,0,0,2,5,1,0,0,1,1,2,0,0,1,1,1,2,1,1,0,0,0.023141574473990706,0
1217,1,21,0,0,0,2,0,1,1,2,1,1,1,1,2,2,1,1,1,1,1,0,0.03599800473731887,0
1218,1,28,0,0,3,4,0,1,1,1,1,1,0,2,0,0,1,1,1,1,0,0,0.023998669824879252,0
1219,1,45,0,0,3,5,1,1,2,0,2,2,2,4,1,1,2,2,1,1,0,0,0.032569623333764695,1
1220,1,45,0,1,1,2,0,1,0,0,1,1,0,0,0,1,1,0,1,1,1,0,0.03942638614087306,1
1221,1,45,0,1,3,1,1,1,0,1,0,0,0,0,1,1,1,2,2,2,0,0,0.03942638614087306,1
1222,0,28,2,0,2,0,1,1,0,2,0,2,1,2,1,1,2,2,2,2,2,0,0.03514090938643033,1
1223,1,44,0,0,0,2,0,1,0,0,1,1,0,2,0,1,1,1,1,0,2,1,0.01971319307043653,0
1224,1,21,0,1,3,5,0,1,2,2,1,2,0,2,0,1,1,0,1,0,2,1,0.02057028842132507,1
1225,0,21,0,0,2,2,0,1,1,2,2,1,0,0,1,1,2,1,1,0,0,0,0.01971319307043653,1
1226,1,28,0,0,3,5,0,0,2,1,2,0,0,2,0,0,0,1,1,1,2,0,0.033426718684653245,0
1227,0,21,0,1,0,5,0,1,2,2,0,2,2,0,0,1,1,1,1,1,0,0,0.02742705122843343,0
1228,1,45,0,1,3,2,0,1,0,2,1,1,0,2,2,1,1,1,1,0,0,0,0.021427383772213617,1
1229,1,18,0,0,3,4,1,1,1,0,1,1,2,0,2,1,0,0,1,1,0,0,0.033426718684653245,0
1230,0,44,0,1,3,4,0,1,1,2,1,2,2,4,1,1,2,2,0,0,2,0,0.01971319307043653,1
1231,1,44,2,0,3,4,1,1,1,0,1,1,0,0,0,0,1,1,1,0,0,1,0.02057028842132507,1
1232,1,44,0,1,3,5,0,0,2,2,2,2,2,4,1,1,2,2,2,2,2,0,0.021427383772213617,1
1233,1,44,0,0,2,4,0,1,1,2,1,1,0,0,1,1,2,2,1,0,0,0,0.01971319307043653,1
1234,3,44,0,0,3,4,0,0,0,0,1,0,0,0,2,0,0,0,1,0,0,0,0.02057028842132507,1
1235,1,7,0,0,1,2,0,1,2,2,2,0,0,0,0,1,2,1,1,1,0,0,0.01971319307043653,1
1236,1,45,0,0,1,5,1,1,0,0,2,0,0,2,0,0,1,0,1,0,0,0,0.05142572105331268,1
1237,1,21,0,0,3,2,0,1,1,2,1,1,2,0,2,0,0,0,1,1,1,1,0.023998669824879252,0
1238,1,45,0,1,1,5,0,0,2,2,2,2,2,2,2,0,1,2,1,1,1,1,0.023998669824879252,1
1239,1,28,0,0,3,3,0,1,0,0,1,1,0,0,0,1,2,2,0,2,0,0,0.02571286052665634,0
1240,1,17,0,1,3,1,0,1,0,0,1,1,2,2,1,1,1,0,1,1,0,0,0.026569955877544883,1
1241,1,33,2,0,1,4,1,1,1,0,1,1,0,2,0,1,1,0,1,1,0,0,0.026569955877544883,1
1242,1,21,0,0,2,2,0,1,0,0,1,0,0,0,0,1,0,0,1,0,0,0,0.023998669824879252,1
1243,0,45,0,1,2,5,1,1,2,2,1,2,0,0,1,1,1,2,1,1,0,0,0.03685510008820742,1
1244,0,44,0,0,3,5,0,0,1,0,1,0,0,0,0,1,1,2,1,2,1,0,0.02742705122843343,0
1245,1,0,0,1,1,1,0,0,2,2,2,2,2,0,0,0,0,2,1,0,0,1,0.018856097719547982,1
1246,1,45,0,0,0,1,0,1,2,1,0,2,0,2,1,1,0,1,0,2,0,0,0.02742705122843343,0
1247,1,14,0,0,1,4,0,1,1,0,1,1,1,3,2,1,1,0,1,0,0,1,0.030855432631987607,1
1248,0,45,0,1,3,2,0,1,2,0,1,0,0,0,2,0,0,0,1,1,0,0,0.03514090938643033,1
1249,1,45,0,1,3,2,0,1,2,2,0,1,2,4,1,1,2,2,0,0,2,0,0.02571286052665634,1
1250,1,45,2,1,1,2,0,1,2,1,2,2,0,0,1,1,1,2,0,0,2,0,0.02571286052665634,1
1251,1,39,0,1,1,1,0,0,1,2,1,1,0,2,1,1,1,2,1,2,2,0,0.030855432631987607,1
1252,1,45,0,1,3,1,1,1,2,2,2,1,2,0,2,1,1,0,1,0,1,0,0.024855765175767795,1
1253,1,45,0,1,2,5,0,0,0,0,2,2,0,2,0,0,1,1,1,1,0,0,0.030855432631987607,0
1254,1,44,0,0,3,2,0,1,1,0,1,1,0,2,1,1,1,1,1,1,0,0,0.02228447912310216,1
1255,1,45,0,1,1,2,1,1,2,2,1,1,2,1,1,1,1,2,1,1,2,0,0.02742705122843343,1
1256,1,45,0,1,3,5,0,1,2,2,1,1,0,1,2,2,0,0,1,1,1,0,0.029141241930210518,1
1257,0,45,0,0,3,1,1,1,1,2,1,1,0,0,2,1,0,0,1,1,1,0,0.03942638614087306,0
1258,1,45,0,1,3,2,0,0,2,2,1,1,2,0,0,1,1,0,1,1,0,0,0.021427383772213617,1
